genotype,treatment,day,metabolite,phenotype,N,level,sd,se,ci
PI127826,control,7,A_humulene,active,2,3.42,1.895046173579947,1.3399999999999996,17.026314346474084
PI127826,control,7,A_phellandrene,active,2,0.03,0,0,0
PI127826,control,7,A_terpinene,active,2,0.005,0.007071067811865475,0.005,0.06353102368087346
PI127826,control,7,B_caryophyllene,active,2,0.59,0.028284271247461926,0.020000000000000018,0.25412409472349407
PI127826,control,7,B_phellandreneD_limonene,active,2,0.035,0.007071067811865477,0.005000000000000001,0.06353102368087347
PI127826,control,7,B_pinene,active,2,0,0,0,0
PI127826,control,7,carene,active,2,0.03,0.01414213562373095,0.01,0.12706204736174692
PI127826,control,7,Cuparene,active,2,0,0,0,0
PI127826,control,7,epoxy_zingiberenol,active,2,0.59,0.6081118318204309,0.43,5.463668036555117
PI127826,control,7,Geraniol,active,2,0,0,0,0
PI127826,control,7,Linalool,active,2,0,0,0,0
PI127826,control,7,Nerolidol,active,2,1,1.4142135623730951,1,12.706204736174692
PI127826,control,7,R-curcumene,active,2,0,0,0,0
PI127826,control,7,RF_candidate,active,2,0.135,0.06363961030678927,0.04499999999999999,0.5717792131278611
PI127826,control,7,Terpinolene,active,2,0.01,0,0,0
PI127826,control,7,TMA,active,2,77.8,41.71930009000631,29.5,374.83303971715344
PI127826,control,7,total_MEP_terpenes,active,2,89.75,50.28943427798726,35.56,451.8326404183721
PI127826,control,7,Total_Monoterpenes,active,2,0.085,0.021213203435596427,0.015,0.19059307104262038
PI127826,control,7,total_MVA_terpenes,active,2,5.01,0.4525483399593902,0.31999999999999984,4.0659855155759
PI127826,control,7,Total_sesquiterpenes,active,2,4.01,1.8667619023324855,1.3199999999999998,16.77219025175059
PI127826,control,7,total_terpenes,active,2,94.75999999999999,50.74198261794664,35.87999999999999,455.8986259339478
PI127826,control,7,Total_zingiberene_and_derivatives,active,2,11.700000000000001,8.47113923861484,5.99,76.11016636968641
PI127826,control,7,trans_B_ocimene,active,2,0,0,0,0
PI127826,control,7,zingiberene,active,2,10.43,7.650895372438444,5.409999999999999,68.74056762270507
PI127826,control,7,Zingiberenol,active,2,0.685,0.21920310216782968,0.15499999999999994,1.9694617341070766
PI127826,control,14,A_humulene,active,3,4.463333333333333,2.4290395907299107,1.4024066615801725,6.034068850666759
PI127826,control,14,A_phellandrene,active,3,0.0033333333333333335,0.005773502691896258,0.0033333333333333335,0.014342175765831541
PI127826,control,14,A_terpinene,active,3,0.0033333333333333335,0.005773502691896258,0.0033333333333333335,0.014342175765831541
PI127826,control,14,B_caryophyllene,active,3,0.7466666666666667,0.3839704849768186,0.2216854628622374,0.9538355619299786
PI127826,control,14,B_phellandreneD_limonene,active,3,0.03666666666666667,0.03785938897200183,0.021858128414340004,0.0940479358891743
PI127826,control,14,B_pinene,active,3,0,0,0,0
PI127826,control,14,carene,active,3,0,0,0,0
PI127826,control,14,Cuparene,active,3,0.0033333333333333335,0.005773502691896258,0.0033333333333333335,0.014342175765831541
PI127826,control,14,epoxy_zingiberenol,active,3,0.15000000000000002,0.11532562594670798,0.06658328118479394,0.2864847365454296
PI127826,control,14,Geraniol,active,3,0,0,0,0
PI127826,control,14,Linalool,active,3,0,0,0,0
PI127826,control,14,Nerolidol,active,3,0,0,0,0
PI127826,control,14,R-curcumene,active,3,0,0,0,0
PI127826,control,14,RF_candidate,active,3,0.11666666666666667,0.05507570547286102,0.03179797338056486,0.1368156369663881
PI127826,control,14,Terpinolene,active,3,0.013333333333333334,0.005773502691896258,0.0033333333333333335,0.014342175765831541
PI127826,control,14,TMA,active,3,0.3933333333333333,0.13051181300301265,0.07535103036971545,0.3242093165096908
PI127826,control,14,total_MEP_terpenes,active,3,7.123333333333333,3.8955016792877055,2.2490689431653963,9.6769626277053291
PI127826,control,14,Total_Monoterpenes,active,3,0.05666666666666667,0.06350852961085883,0.03666666666666667,0.15776393342414693
PI127826,control,14,total_MVA_terpenes,active,3,5.21,2.812347773658158,1.6237097441763824,6.986259163101312
PI127826,control,14,Total_sesquiterpenes,active,3,10.69,5.764798348598154,3.3283078783870543,14.3205529783887
PI127826,control,14,total_terpenes,active,3,12.333333333333334,6.705746292049329,3.8715644268320153,16.65799724950968
PI127826,control,14,Total_zingiberene_and_derivatives,active,3,6.553333333333334,3.6500045662071896,2.107331118843084,9.067113990976184
PI127826,control,14,trans_B_ocimene,active,3,0.0033333333333333335,0.005773502691896258,0.0033333333333333335,0.014342175765831541
PI127826,control,14,zingiberene,active,3,6.1033333333333335,3.2776871927219244,1.892373583037392,8.142226362761605
PI127826,control,14,Zingiberenol,active,3,0.3,0.26210684844162313,0.15132745950421556,0.6511095067218642
PI127826,fosmidomycin,7,A_humulene,active,2,1.06,0.6788225099390857,0.48,6.098978273363852
PI127826,fosmidomycin,7,A_phellandrene,active,2,0.025,0.007071067811865474,0.004999999999999998,0.06353102368087345
PI127826,fosmidomycin,7,A_terpinene,active,2,0,0,0,0
PI127826,fosmidomycin,7,B_caryophyllene,active,2,0.075,0.049497474683058325,0.034999999999999996,0.4447171657661142
PI127826,fosmidomycin,7,B_phellandreneD_limonene,active,2,0.03,0.01414213562373095,0.01,0.12706204736174692
PI127826,fosmidomycin,7,B_pinene,active,2,0.01,0.01414213562373095,0.01,0.12706204736174692
PI127826,fosmidomycin,7,carene,active,2,0,0,0,0
PI127826,fosmidomycin,7,Cuparene,active,2,0,0,0,0
PI127826,fosmidomycin,7,epoxy_zingiberenol,active,2,0.21000000000000002,0.16970562748477142,0.12,1.524744568340963
PI127826,fosmidomycin,7,Geraniol,active,2,0,0,0,0
PI127826,fosmidomycin,7,Linalool,active,2,0,0,0,0
PI127826,fosmidomycin,7,Nerolidol,active,2,3.015,0.38890872965260104,0.2749999999999999,3.494206302448039
PI127826,fosmidomycin,7,R-curcumene,active,2,0,0,0,0
PI127826,fosmidomycin,7,RF_candidate,active,2,0.10500000000000001,0.007071067811865472,0.0049999999999999975,0.06353102368087343
PI127826,fosmidomycin,7,Terpinolene,active,2,0.01,0,0,0
PI127826,fosmidomycin,7,TMA,active,2,44.655,23.666863966313745,16.735,212.63833625988346
PI127826,fosmidomycin,7,total_MEP_terpenes,active,2,46.915,25.759900038625926,18.215,231.443519269422
PI127826,fosmidomycin,7,Total_Monoterpenes,active,2,0.065,0.021213203435596427,0.015,0.19059307104262038
PI127826,fosmidomycin,7,total_MVA_terpenes,active,2,4.15,1.1172287142747455,0.7900000000000003,10.03790174157801
PI127826,fosmidomycin,7,Total_sesquiterpenes,active,2,1.14,0.7353910524340094,0.5199999999999999,6.607226462810839
PI127826,fosmidomycin,7,total_terpenes,active,2,51.065,26.877128752900663,19.004999999999992,241.48142101099992
PI127826,fosmidomycin,7,Total_zingiberene_and_derivatives,active,2,2.085,2.085965004500315,1.4749999999999999,18.74165198585767
PI127826,fosmidomycin,7,trans_B_ocimene,active,2,0,0,0,0
PI127826,fosmidomycin,7,zingiberene,active,2,1.835,1.873832970144351,1.325,16.835721275431467
PI127826,fosmidomycin,7,Zingiberenol,active,2,0.034999999999999996,0.035355339059327376,0.024999999999999998,0.3176551184043673
PI127826,fosmidomycin,14,A_humulene,active,2,0.05,0.014142135623730947,0.009999999999999997,0.1270620473617469
PI127826,fosmidomycin,14,A_phellandrene,active,2,0.005,0.007071067811865475,0.005,0.06353102368087346
PI127826,fosmidomycin,14,A_terpinene,active,2,0,0,0,0
PI127826,fosmidomycin,14,B_caryophyllene,active,2,0.015,0.021213203435596427,0.015,0.19059307104262038
PI127826,fosmidomycin,14,B_phellandreneD_limonene,active,2,0.01,0,0,0
PI127826,fosmidomycin,14,B_pinene,active,2,0,0,0,0
PI127826,fosmidomycin,14,carene,active,2,0.005,0.007071067811865475,0.005,0.06353102368087346
PI127826,fosmidomycin,14,Cuparene,active,2,0.005,0.007071067811865475,0.005,0.06353102368087346
PI127826,fosmidomycin,14,epoxy_zingiberenol,active,2,0,0,0,0
PI127826,fosmidomycin,14,Geraniol,active,2,0,0,0,0
PI127826,fosmidomycin,14,Linalool,active,2,0,0,0,0
PI127826,fosmidomycin,14,Nerolidol,active,2,0,0,0,0
PI127826,fosmidomycin,14,R-curcumene,active,2,0,0,0,0
PI127826,fosmidomycin,14,RF_candidate,active,2,0.02,0,0,0
PI127826,fosmidomycin,14,Terpinolene,active,2,0.01,0,0,0
PI127826,fosmidomycin,14,TMA,active,2,0.01,0.01414213562373095,0.01,0.12706204736174692
PI127826,fosmidomycin,14,total_MEP_terpenes,active,2,0.14,0.08485281374238571,0.06,0.7623722841704815
PI127826,fosmidomycin,14,Total_Monoterpenes,active,2,0.025,0.007071067811865474,0.004999999999999998,0.06353102368087345
PI127826,fosmidomycin,14,total_MVA_terpenes,active,2,0.065,0.007071067811865481,0.0050000000000000044,0.06353102368087352
PI127826,fosmidomycin,14,Total_sesquiterpenes,active,2,0.15,0.0565685424949238,0.04,0.5082481894469877
PI127826,fosmidomycin,14,total_terpenes,active,2,0.20500000000000002,0.09192388155425119,0.065,0.825903307851355
PI127826,fosmidomycin,14,Total_zingiberene_and_derivatives,active,2,0.08,0.0565685424949238,0.04,0.5082481894469877
PI127826,fosmidomycin,14,trans_B_ocimene,active,2,0,0,0,0
PI127826,fosmidomycin,14,zingiberene,active,2,0.08,0.0565685424949238,0.04,0.5082481894469877
PI127826,fosmidomycin,14,Zingiberenol,active,2,0,0,0,0
PI127826,mevastatin,7,A_humulene,active,3,2.166666666666667,1.626079128865915,0.9388172227743683,4.039404486305944
PI127826,mevastatin,7,A_phellandrene,active,3,0.043333333333333335,0.015275252316519466,0.008819171036881969,0.037945830335967594
PI127826,mevastatin,7,A_terpinene,active,3,0.0033333333333333335,0.005773502691896258,0.0033333333333333335,0.014342175765831541
PI127826,mevastatin,7,B_caryophyllene,active,3,0.28,0.10816653826391967,0.06244997998398398,0.26870057685088794
PI127826,mevastatin,7,B_phellandreneD_limonene,active,3,0.056666666666666664,0.0057735026918962545,0.003333333333333332,0.014342175765831532
PI127826,mevastatin,7,B_pinene,active,3,0.03,0.05196152422706632,0.030000000000000002,0.12907958189248386
PI127826,mevastatin,7,carene,active,3,0.01,0.017320508075688773,0.01,0.04302652729749462
PI127826,mevastatin,7,Cuparene,active,3,0,0,0,0
PI127826,mevastatin,7,epoxy_zingiberenol,active,3,0.5133333333333333,0.25540817005987365,0.14745997573729777,0.6344690671348737
PI127826,mevastatin,7,Geraniol,active,3,0,0,0,0
PI127826,mevastatin,7,Linalool,active,3,0,0,0,0
PI127826,mevastatin,7,Nerolidol,active,3,2.21,2.306707610426601,1.3317782598215566,5.730179365042209
PI127826,mevastatin,7,R-curcumene,active,3,0,0,0,0
PI127826,mevastatin,7,RF_candidate,active,3,0.17666666666666667,0.0862167810425171,0.04977728174356027,0.21417435717343764
PI127826,mevastatin,7,Terpinolene,active,3,0.02,0.01,0.005773502691896258,0.0248413771175033
PI127826,mevastatin,7,TMA,active,3,131.85,48.9589736412029,28.26647661099629,121.6208327507025
PI127826,mevastatin,7,total_MEP_terpenes,active,3,140.85333333333332,52.73068303495919,30.444074044786525,130.9902782934955
PI127826,mevastatin,7,Total_Monoterpenes,active,3,0.13333333333333333,0.02886751345948128,0.016666666666666663,0.07171087882915768
PI127826,mevastatin,7,total_MVA_terpenes,active,3,4.656666666666666,1.3576941236277533,0.7838650677536565,3.372699173525517
PI127826,mevastatin,7,Total_sesquiterpenes,active,3,2.44,1.7064290199126362,0.9852072539995498,4.239004680790134
PI127826,mevastatin,7,total_terpenes,active,3,145.51,53.62252884749095,30.958981464727373,133.20574610947222
PI127826,mevastatin,7,Total_zingiberene_and_derivatives,active,3,8.656666666666666,3.952535051499649,2.281997175964754,9.818641378445312
PI127826,mevastatin,7,trans_B_ocimene,active,3,0.006666666666666667,0.005773502691896258,0.0033333333333333335,0.014342175765831541
PI127826,mevastatin,7,zingiberene,active,3,7.926666666666667,3.6287784905300198,2.0950762383370307,9.014385495914059
PI127826,mevastatin,7,Zingiberenol,active,3,0.21666666666666667,0.0776745346515403,0.044845413490245706,0.19295424077054904
PI127826,mevastatin,14,A_humulene,active,3,3.0566666666666666,0.3225419869309008,0.18621970297951235,0.8012387133579328
PI127826,mevastatin,14,A_phellandrene,active,3,0.013333333333333334,0.005773502691896258,0.0033333333333333335,0.014342175765831541
PI127826,mevastatin,14,A_terpinene,active,3,0.0033333333333333335,0.005773502691896258,0.0033333333333333335,0.014342175765831541
PI127826,mevastatin,14,B_caryophyllene,active,3,0.18666666666666668,0.10692676621563628,0.06173419725817379,0.2656208123517732
PI127826,mevastatin,14,B_phellandreneD_limonene,active,3,0.03,0.02,0.011547005383792516,0.0496827542350066
PI127826,mevastatin,14,B_pinene,active,3,0,0,0,0
PI127826,mevastatin,14,carene,active,3,0.006666666666666667,0.011547005383792516,0.006666666666666667,0.028684351531663082
PI127826,mevastatin,14,Cuparene,active,3,0.0033333333333333335,0.005773502691896258,0.0033333333333333335,0.014342175765831541
PI127826,mevastatin,14,epoxy_zingiberenol,active,3,0.09333333333333334,0.10066445913694333,0.058118652580542315,0.250064379175031
PI127826,mevastatin,14,Geraniol,active,3,0,0,0,0
PI127826,mevastatin,14,Linalool,active,3,0,0,0,0
PI127826,mevastatin,14,Nerolidol,active,3,0,0,0,0
PI127826,mevastatin,14,R-curcumene,active,3,0,0,0,0
PI127826,mevastatin,14,RF_candidate,active,3,0.06333333333333334,0.03214550253664319,0.018559214542766742,0.07985385511444124
PI127826,mevastatin,14,Terpinolene,active,3,0.01,0,0,0
PI127826,mevastatin,14,TMA,active,3,0.29333333333333333,0.24193663082165406,0.13968217893171309,0.6010039084778881
PI127826,mevastatin,14,total_MEP_terpenes,active,3,4.7,0.8801704380402696,0.5081666393353005,2.186464577903641
PI127826,mevastatin,14,Total_Monoterpenes,active,3,0.056666666666666664,0.030550504633038933,0.017638342073763937,0.07589166067193519
PI127826,mevastatin,14,total_MVA_terpenes,active,3,3.2433333333333336,0.4254801209614068,0.24565106237190276,1.0569512140803228
PI127826,mevastatin,14,Total_sesquiterpenes,active,3,7.26,0.8252878285786118,0.4764801499887833,2.0501286180206715
PI127826,mevastatin,14,total_terpenes,active,3,7.943333333333333,1.3051181300301264,0.7535103036971545,3.2420931650969083
PI127826,mevastatin,14,Total_zingiberene_and_derivatives,active,3,4.28,0.5935486500700681,0.3426854728950928,1.4744565853975564
PI127826,mevastatin,14,trans_B_ocimene,active,3,0,0,0,0
PI127826,mevastatin,14,zingiberene,active,3,4.1433333333333335,0.4787831798772104,0.27642559778557246,1.18936335288472
PI127826,mevastatin,14,Zingiberenol,active,3,0.043333333333333335,0.023094010767585035,0.013333333333333338,0.05736870306332618
73,control,7,A_humulene,active,3,0.6886212233333333,0.15072696220768844,0.08702225220474348,0.3744265309976857
73,control,7,A_phellandrene,active,3,0.016480391666666667,0.003189160501554341,0.0018412626740613208,0.007922313870735736
73,control,7,A_terpinene,active,3,0,0,0,0
73,control,7,B_caryophyllene,active,3,0.21209451866666665,0.06595430480499012,0.038078735633375674,0.16383957581835196
73,control,7,B_phellandreneD_limonene,active,3,0.011352616333333334,0.0022744507765107454,0.0013131547680770323,0.005650048947450165
73,control,7,B_pinene,active,3,0,0,0,0
73,control,7,carene,active,3,0.005692312333333334,0.00985937417388428,0.005692312333333334,0.024492043199603197
73,control,7,Cuparene,active,3,0,0,0,0
73,control,7,epoxy_zingiberenol,active,3,0.11442105500000001,0.02514701781497347,0.01451863750479125,0.062468655292232986
73,control,7,Geraniol,active,3,0,0,0,0
73,control,7,Linalool,active,3,0,0,0,0
73,control,7,Nerolidol,active,3,0.074344993,0.03136632692697286,0.018109357294777587,0.07791827559838312
73,control,7,R-curcumene,active,3,1.2390508426666667,0.17891483287095797,0.1032965269200645,0.4444490835262543
73,control,7,RF_candidate,active,3,0.29394972233333333,0.09702114295426338,0.05601518300172913,0.24101388004980548
73,control,7,Terpinolene,active,3,0,0,0,0
73,control,7,TMA,active,3,0.691948546,0.10856751507534156,0.0626814840539972,0.26969665846967844
73,control,7,total_MEP_terpenes,active,3,3.1633698643333332,0.9361374891680447,0.540479231369671,2.325494440225606
73,control,7,Total_Monoterpenes,active,3,0.033525320666666664,0.012031723656002257,0.006946518891608092,0.029888458471233764
73,control,7,total_MVA_terpenes,active,3,0.975060735,0.2268407574736227,0.1309665723905747,0.5635036802022367
73,control,7,Total_sesquiterpenes,active,3,6.682489646666667,2.939800274485319,1.6972944798378347,7.302868726862952
73,control,7,total_terpenes,active,3,4.138430599333334,1.1629231075460527,0.6714139691885497,2.8888611473210344
73,control,7,Total_zingiberene_and_derivatives,active,3,4.992601592333333,2.2959860285793656,1.3255881516559167,5.703545479245873
73,control,7,trans_B_ocimene,active,3,0,0,0,0
73,control,7,zingiberene,active,3,1.9517003563333333,0.6863076380160721,0.3962398995554755,1.7048826854580192
73,control,7,Zingiberenol,active,3,0.07782486400000001,0.02211199942596216,0.012766368820900105,0.05492925165623425
73,control,14,A_humulene,active,3,0.990387321,0.3266301019547577,0.1885799772890143,0.8113941540586689
73,control,14,A_phellandrene,active,3,0.016646809333333335,0.004038862857308519,0.002331838557887055,0.010033091536427785
73,control,14,A_terpinene,active,3,0,0,0,0
73,control,14,B_caryophyllene,active,3,0.3481808746666667,0.05662200986816176,0.03269073263944084,0.14065687002859997
73,control,14,B_phellandreneD_limonene,active,3,0.014206341333333332,0.005326921019101966,0.003075499284330396,0.013232805391066693
73,control,14,B_pinene,active,3,0,0,0,0
73,control,14,carene,active,3,0,0,0,0
73,control,14,Cuparene,active,3,0,0,0,0
73,control,14,epoxy_zingiberenol,active,3,0.2749752476666667,0.08519445072123896,0.049187039057369625,0.21163474786848482
73,control,14,Geraniol,active,3,0,0,0,0
73,control,14,Linalool,active,3,0,0,0,0
73,control,14,Nerolidol,active,3,0.022666267333333334,0.039259126639272064,0.022666267333333337,0.09752507701499774
73,control,14,R-curcumene,active,3,1.946880753,0.48142817733164905,0.2779526877778985,1.1959338908087749
73,control,14,RF_candidate,active,3,0.48370626733333333,0.07771358956442177,0.04486796185471101,0.19305125855246705
73,control,14,Terpinolene,active,3,0,0,0,0
73,control,14,TMA,active,3,1.0939113736666666,0.12394678222306608,0.07156070808167513,0.30790087597042387
73,control,14,total_MEP_terpenes,active,3,5.454825224333334,0.6971405598585305,0.40249428989732905,1.731793155135314
73,control,14,Total_Monoterpenes,active,3,0.030853150333333332,0.008906549840044256,0.00514219894770037,0.02212509633923781
73,control,14,total_MVA_terpenes,active,3,1.3612344626666668,0.32973128710330496,0.1903704473693349,0.8190979250372951
73,control,14,Total_sesquiterpenes,active,3,NA,NA,NA,NA
73,control,14,total_terpenes,active,3,6.816059687,1.0263947841805574,0.5925893049414727,2.5497059905267636
73,control,14,Total_zingiberene_and_derivatives,active,3,NA,NA,NA,NA
73,control,14,trans_B_ocimene,active,3,0,0,0,0
73,control,14,zingiberene,active,3,3.442661524,0.4715142387509226,0.2722288726695866,1.1713063021084156
73,control,14,Zingiberenol,active,3,0.12871766099999998,0.02122778065498423,0.012255864875453477,0.05273273046181045
73,fosmidomycin,7,A_humulene,active,3,0.23095804833333333,0.06706732042117389,0.03872133549899163,0.16660445988428108
73,fosmidomycin,7,A_phellandrene,active,3,0.014862011,0.004402940851320967,0.0025420390857361606,0.010937511411372518
73,fosmidomycin,7,A_terpinene,active,3,0,0,0,0
73,fosmidomycin,7,B_caryophyllene,active,3,0.06503146066666667,0.03308914979314277,0.01910402954032683,0.08219800485090159
73,fosmidomycin,7,B_phellandreneD_limonene,active,3,0.008614070333333333,0.0010352523097420907,5.977031997087779e-4,0.002571709303806961
73,fosmidomycin,7,B_pinene,active,3,0,0,0,0
73,fosmidomycin,7,carene,active,3,0,0,0,0
73,fosmidomycin,7,Cuparene,active,3,0,0,0,0
73,fosmidomycin,7,epoxy_zingiberenol,active,3,0.06339926333333333,0.0026167473808843904,0.0015107798047548512,0.00650036085097882
73,fosmidomycin,7,Geraniol,active,3,0,0,0,0
73,fosmidomycin,7,Linalool,active,3,0,0,0,0
73,fosmidomycin,7,Nerolidol,active,3,0.015966924,0.02765552360859089,0.015966924000000004,0.068700129134302207
73,fosmidomycin,7,R-curcumene,active,3,0.36140976933333335,0.07978536821749119,0.04606410381776195,0.19819784203495608
73,fosmidomycin,7,RF_candidate,active,3,0.07850573599999999,0.02746799529792213,0.01585865447935472,0.06823428298574911
73,fosmidomycin,7,Terpinolene,active,3,0,0,0,0
73,fosmidomycin,7,TMA,active,3,0.2660310983333333,0.020076233248935985,0.011591018670586907,0.04987212812357773
73,fosmidomycin,7,total_MEP_terpenes,active,3,1.0258967196666666,0.21902375255248255,0.12645342249509778,0.5440851634846945
73,fosmidomycin,7,Total_Monoterpenes,active,3,0.023476081333333332,0.00412031093732613,0.0023788626288102008,0.010235419783549192
73,fosmidomycin,7,total_MVA_terpenes,active,3,0.3119564323333333,0.10305228367623215,0.05949726372107831,0.25599606416212123
73,fosmidomycin,7,Total_sesquiterpenes,active,3,0.507917867,0.7478439519327127,0.43176790696018524,1.8577473635004527
73,fosmidomycin,7,total_terpenes,active,3,1.337853152,0.3207929999619738,0.1852099248821932,0.7968939888710613
73,fosmidomycin,7,Total_zingiberene_and_derivatives,active,3,0.38785509333333335,0.540037078276143,0.3117905525151102,1.3415264718892317
73,fosmidomycin,7,trans_B_ocimene,active,3,0,0,0,0
73,fosmidomycin,7,zingiberene,active,3,0.5944845403333333,0.19278076268585012,0.11130202523125693,0.4788939626879111
73,fosmidomycin,7,Zingiberenol,active,3,0,0,0,0
73,fosmidomycin,14,A_humulene,active,3,0,0,0,0
73,fosmidomycin,14,A_phellandrene,active,3,0.013289664999999999,0.0027548076606812317,0.0015904889444599524,0.006843321598516955
73,fosmidomycin,14,A_terpinene,active,3,0,0,0,0
73,fosmidomycin,14,B_caryophyllene,active,3,0,0,0,0
73,fosmidomycin,14,B_phellandreneD_limonene,active,3,0.0037821616666666668,0.006550896169106051,0.0037821616666666668,0.016273328219437107
73,fosmidomycin,14,B_pinene,active,3,0,0,0,0
73,fosmidomycin,14,carene,active,3,0,0,0,0
73,fosmidomycin,14,Cuparene,active,3,0,0,0,0
73,fosmidomycin,14,epoxy_zingiberenol,active,3,0,0,0,0
73,fosmidomycin,14,Geraniol,active,3,0,0,0,0
73,fosmidomycin,14,Linalool,active,3,0,0,0,0
73,fosmidomycin,14,Nerolidol,active,3,0,0,0,0
73,fosmidomycin,14,R-curcumene,active,3,0.059204588333333336,0.028331658164726915,0.016357290467993543,0.07037974048341727
73,fosmidomycin,14,RF_candidate,active,3,0,0,0,0
73,fosmidomycin,14,Terpinolene,active,3,0,0,0,0
73,fosmidomycin,14,TMA,active,3,0.027317258333333334,0.04731487935681764,0.027317258333333334,0.1175366761371879
73,fosmidomycin,14,total_MEP_terpenes,active,3,0.11580366733333333,0.11652753234936461,0.06727720216990848,0.2894704375662632
73,fosmidomycin,14,Total_Monoterpenes,active,3,0.017071827,0.006780593046960715,0.003914777220928074,0.01684392689598719
73,fosmidomycin,14,total_MVA_terpenes,active,3,0,0,0,0
73,fosmidomycin,14,Total_sesquiterpenes,active,3,3.616268174,2.954401943497797,1.7057247573728067,7.339141283511346
73,fosmidomycin,14,total_terpenes,active,3,0.11580366733333333,0.11652753234936461,0.06727720216990848,0.2894704375662632
73,fosmidomycin,14,Total_zingiberene_and_derivatives,active,3,2.660220938,2.1138467275914885,1.2204299772005556,5.251086372870044
73,fosmidomycin,14,trans_B_ocimene,active,3,0,0,0,0
73,fosmidomycin,14,zingiberene,active,3,0.07141458166666667,0.0745775106828103,0.043057345868212714,0.18526080673563214
73,fosmidomycin,14,Zingiberenol,active,3,0,0,0,0
73,mevastatin,7,A_humulene,active,3,0.7578000136666667,0.2034023255728517,0.11743438742328184,0.5052793876132395
73,mevastatin,7,A_phellandrene,active,3,0.017504339666666667,0.002195389935959061,0.0012675089705021592,0.005453650931913046
73,mevastatin,7,A_terpinene,active,3,0,0,0,0
73,mevastatin,7,B_caryophyllene,active,3,0.19432799633333334,0.038097072275791975,0.021995354933765126,0.09463837394757281
73,mevastatin,7,B_phellandreneD_limonene,active,3,0.011292150333333334,0.0024607406439680585,0.0014207092732008116,0.006112818632517846
73,mevastatin,7,B_pinene,active,3,0,0,0,0
73,mevastatin,7,carene,active,3,0,0,0,0
73,mevastatin,7,Cuparene,active,3,0,0,0,0
73,mevastatin,7,epoxy_zingiberenol,active,3,0.18209714733333332,0.06971322305860121,0.04024894809895984,0.17317724640753396
73,mevastatin,7,Geraniol,active,3,0,0,0,0
73,mevastatin,7,Linalool,active,3,0,0,0,0
73,mevastatin,7,Nerolidol,active,3,0.05728957,0.01519087524256667,0.008770455910521889,0.037736226064554304
73,mevastatin,7,R-curcumene,active,3,1.435649962,0.2894734022024121,0.16712754668479943,0.7190917949596829
73,mevastatin,7,RF_candidate,active,3,0.274216849,0.05971751814396568,0.034477925175754945,0.1483465388735597
73,mevastatin,7,Terpinolene,active,3,0,0,0,0
73,mevastatin,7,TMA,active,3,0.7891254506666667,0.14589800804025205,0.0842342542162697,0.362430743842043
73,mevastatin,7,total_MEP_terpenes,active,3,3.5832025146666666,1.1189964713373877,0.6460529139488822,2.7797413337647523
73,mevastatin,7,Total_Monoterpenes,active,3,0.028796490333333334,0.004093739595222482,0.0023635216572939297,0.0101694129105777
73,mevastatin,7,total_MVA_terpenes,active,3,1.00941758,0.2484770512288021,0.14345829241439334,0.6172512134619861
73,mevastatin,7,Total_sesquiterpenes,active,3,5.445199475666667,0.9935939542048198,0.5736517369253374,2.4682242118073234
73,mevastatin,7,total_terpenes,active,3,4.592620094666667,1.3544917300662296,0.7820161649688596,3.3647439869114693
73,mevastatin,7,Total_zingiberene_and_derivatives,active,3,4.042886238,0.7668011133411831,0.4427128292024368,1.904839563062972
73,mevastatin,7,trans_B_ocimene,active,3,0,0,0,0
73,mevastatin,7,zingiberene,active,3,2.241639183,0.8138827852908994,0.46989544517650317,2.02179691988552
73,mevastatin,7,Zingiberenol,active,3,0.06732739433333333,0.06087072247177563,0.035143728004846664,0.1512112572336261
73,mevastatin,14,A_humulene,active,3,0.9362832423333333,0.07691076925978375,0.044404453335717346,0.19105694235795684
73,mevastatin,14,A_phellandrene,active,3,0.020674298666666667,0.002313179967856011,0.001335515077125718,0.005746257592216533
73,mevastatin,14,A_terpinene,active,3,0,0,0,0
73,mevastatin,14,B_caryophyllene,active,3,0.18171225166666666,0.023251026003515318,0.013423986122064559,0.05775875053221997
73,mevastatin,14,B_phellandreneD_limonene,active,3,0.017176993,0.0010209663107385075,5.894551743384164e-4,0.0025362209149321323
73,mevastatin,14,B_pinene,active,3,0,0,0,0
73,mevastatin,14,carene,active,3,0,0,0,0
73,mevastatin,14,Cuparene,active,3,0,0,0,0
73,mevastatin,14,epoxy_zingiberenol,active,3,0.20699651533333335,0.0557552550022047,0.03219031148425911,0.13850373157923293
73,mevastatin,14,Geraniol,active,3,0,0,0,0
73,mevastatin,14,Linalool,active,3,0,0,0,0
73,mevastatin,14,Nerolidol,active,3,0.05523395666666667,0.013396602960949851,0.007734532325730935,0.033279006624641665
73,mevastatin,14,R-curcumene,active,3,1.4118925866666665,0.05330026704239148,0.03077292352480366,0.1324052034063679
73,mevastatin,14,RF_candidate,active,3,0.318397686,0.1100938204708087,0.06356269688493574,0.27348821126220635
73,mevastatin,14,Terpinolene,active,3,0,0,0,0
73,mevastatin,14,TMA,active,3,0.946246496,0.17888021876131774,0.10327654245454594,0.44436309731113827
73,mevastatin,14,total_MEP_terpenes,active,3,4.1639186310000005,0.6456315939804033,0.372755574581913,1.6038377905041972
73,mevastatin,14,Total_Monoterpenes,active,3,0.037851291333333335,0.0013394998256902968,7.733605849417497e-4,0.00332750203188026
73,mevastatin,14,total_MVA_terpenes,active,3,1.1732294506666667,0.11004485873328698,0.06353442881259758,0.27336658356359583
73,mevastatin,14,Total_sesquiterpenes,active,3,2.7442271959999998,2.30091326538864,1.3284328931541123,5.715785414018517
73,mevastatin,14,total_terpenes,active,3,5.337148081666666,0.7175487099336864,0.41427694083688255,1.782489810364069
73,mevastatin,14,Total_zingiberene_and_derivatives,active,3,1.9778116743333334,1.6646383255831703,0.9610793853788113,4.135190841006078
73,mevastatin,14,trans_B_ocimene,active,3,0,0,0,0
73,mevastatin,14,zingiberene,active,3,2.591275243666667,0.29444793972100847,0.16999959726025496,0.7314492312081451
73,mevastatin,14,Zingiberenol,active,3,0.063151397,0.02732395889411145,0.015775495022841517,0.0678764767231781
CV,control,7,A_humulene,lazy,2,0.04,0.014142135623730954,0.010000000000000002,0.12706204736174695
CV,control,7,A_phellandrene,lazy,2,0.065,0.007071067811865481,0.0050000000000000044,0.06353102368087352
CV,control,7,A_terpinene,lazy,2,0.01,0,0,0
CV,control,7,B_caryophyllene,lazy,2,0.045,0.007071067811865477,0.005000000000000001,0.06353102368087347
CV,control,7,B_phellandreneD_limonene,lazy,2,0.16499999999999998,0.021213203435596427,0.015,0.19059307104262038
CV,control,7,B_pinene,lazy,2,0.22,0.12727922061357855,0.08999999999999998,1.1435584262557221
CV,control,7,carene,lazy,2,0.20500000000000002,0.007071067811865462,0.0049999999999999906,0.06353102368087334
CV,control,7,Cuparene,lazy,2,0,0,0,0
CV,control,7,epoxy_zingiberenol,lazy,2,0,0,0,0
CV,control,7,Geraniol,lazy,2,0,0,0,0
CV,control,7,Linalool,lazy,2,0,0,0,0
CV,control,7,Nerolidol,lazy,2,0,0,0,0
CV,control,7,R-curcumene,lazy,2,0,0,0,0
CV,control,7,RF_candidate,lazy,2,0.04,0.014142135623730954,0.010000000000000002,0.12706204736174695
CV,control,7,Terpinolene,lazy,2,0.01,0,0,0
CV,control,7,TMA,lazy,2,0,0,0,0
CV,control,7,total_MEP_terpenes,lazy,2,0.735,0.1626345596729059,0.11499999999999998,1.4612135446600893
CV,control,7,Total_Monoterpenes,lazy,2,0.255,0.007071067811865481,0.0050000000000000044,0.06353102368087352
CV,control,7,total_MVA_terpenes,lazy,2,0.085,0.021213203435596427,0.015,0.19059307104262038
CV,control,7,Total_sesquiterpenes,lazy,2,0.085,0.021213203435596427,0.015,0.19059307104262038
CV,control,7,total_terpenes,lazy,2,0.82,0.18384776310850237,0.13,1.65180661570271
CV,control,7,Total_zingiberene_and_derivatives,lazy,2,0.01,0,0,0
CV,control,7,trans_B_ocimene,lazy,2,0.01,0,0,0
CV,control,7,zingiberene,lazy,2,0,0,0,0
CV,control,7,Zingiberenol,lazy,2,0.01,0,0,0
CV,control,14,A_humulene,lazy,3,0.013333333333333332,0.015275252316519466,0.008819171036881969,0.037945830335967594
CV,control,14,A_phellandrene,lazy,3,0.01,0,0,0
CV,control,14,A_terpinene,lazy,3,0.0033333333333333335,0.005773502691896258,0.0033333333333333335,0.014342175765831541
CV,control,14,B_caryophyllene,lazy,3,0.02,0.02,0.011547005383792516,0.0496827542350066
CV,control,14,B_phellandreneD_limonene,lazy,3,0.04,0.010000000000000002,0.005773502691896259,0.024841377117503304
CV,control,14,B_pinene,lazy,3,0,0,0,0
CV,control,14,carene,lazy,3,0.0033333333333333335,0.005773502691896258,0.0033333333333333335,0.014342175765831541
CV,control,14,Cuparene,lazy,3,0,0,0,0
CV,control,14,epoxy_zingiberenol,lazy,3,0.006666666666666667,0.011547005383792516,0.006666666666666667,0.028684351531663082
CV,control,14,Geraniol,lazy,3,0,0,0,0
CV,control,14,Linalool,lazy,3,0.0033333333333333335,0.005773502691896258,0.0033333333333333335,0.014342175765831541
CV,control,14,Nerolidol,lazy,3,0,0,0,0
CV,control,14,R-curcumene,lazy,3,0,0,0,0
CV,control,14,RF_candidate,lazy,3,0.03333333333333333,0.005773502691896259,0.0033333333333333344,0.014342175765831544
CV,control,14,Terpinolene,lazy,3,0.006666666666666667,0.005773502691896258,0.0033333333333333335,0.014342175765831541
CV,control,14,TMA,lazy,3,0,0,0,0
CV,control,14,total_MEP_terpenes,lazy,3,0.13333333333333333,0.02886751345948128,0.016666666666666663,0.07171087882915768
CV,control,14,Total_Monoterpenes,lazy,3,0.07333333333333333,0.0057735026918962545,0.003333333333333332,0.014342175765831532
CV,control,14,total_MVA_terpenes,lazy,3,0.03333333333333333,0.035118845842842465,0.02027587510099407,0.08724004935135128
CV,control,14,Total_sesquiterpenes,lazy,3,0.06333333333333334,0.041633319989322654,0.024037008503093264,0.10342290025084526
CV,control,14,total_terpenes,lazy,3,0.16666666666666666,0.061101009266077866,0.035276684147527874,0.15178332134387038
CV,control,14,Total_zingiberene_and_derivatives,lazy,3,0.023333333333333334,0.020816659994661327,0.012018504251546632,0.05171145012542263
CV,control,14,trans_B_ocimene,lazy,3,0.006666666666666667,0.005773502691896258,0.0033333333333333335,0.014342175765831541
CV,control,14,zingiberene,lazy,3,0.016666666666666666,0.020816659994661327,0.012018504251546632,0.05171145012542263
CV,control,14,Zingiberenol,lazy,3,0.0033333333333333335,0.005773502691896258,0.0033333333333333335,0.014342175765831541
CV,fosmidomycin,7,A_humulene,lazy,3,0.07,0.04358898943540673,0.025166114784235832,0.1082810524735806
CV,fosmidomycin,7,A_phellandrene,lazy,3,0.09,0.03,0.017320508075688773,0.0745241313525099
CV,fosmidomycin,7,A_terpinene,lazy,3,0.01,0.01,0.005773502691896258,0.0248413771175033
CV,fosmidomycin,7,B_caryophyllene,lazy,3,0.07666666666666667,0.046188021535170064,0.02666666666666667,0.11473740612665233
CV,fosmidomycin,7,B_phellandreneD_limonene,lazy,3,0.17666666666666667,0.12741009902410927,0.07356025496904636,0.31650423184363374
CV,fosmidomycin,7,B_pinene,lazy,3,0.2366666666666667,0.2542308662089113,0.14678025904202666,0.6315444822405091
CV,fosmidomycin,7,carene,lazy,3,0.2833333333333333,0.2542308662089113,0.14678025904202666,0.6315444822405091
CV,fosmidomycin,7,Cuparene,lazy,3,0,0,0,0
CV,fosmidomycin,7,epoxy_zingiberenol,lazy,3,0,0,0,0
CV,fosmidomycin,7,Geraniol,lazy,3,0,0,0,0
CV,fosmidomycin,7,Linalool,lazy,3,0,0,0,0
CV,fosmidomycin,7,Nerolidol,lazy,3,0,0,0,0
CV,fosmidomycin,7,R-curcumene,lazy,3,0,0,0,0
CV,fosmidomycin,7,RF_candidate,lazy,3,0.05,0.055677643628300216,0.03214550253664318,0.13831093423845603
CV,fosmidomycin,7,Terpinolene,lazy,3,0.01,0,0,0
CV,fosmidomycin,7,TMA,lazy,3,0,0,0,0
CV,fosmidomycin,7,total_MEP_terpenes,lazy,3,0.8933333333333333,0.543721742560782,0.3139178944317199,1.350679685393843
CV,fosmidomycin,7,Total_Monoterpenes,lazy,3,0.30333333333333334,0.16772994167212166,0.09683892697555967,0.4166642734974006
CV,fosmidomycin,7,total_MVA_terpenes,lazy,3,0.14666666666666667,0.08962886439832501,0.05174724898753341,0.2226504421132357
CV,fosmidomycin,7,Total_sesquiterpenes,lazy,3,0.15,0.08717797887081347,0.050332229568471665,0.2165621049471612
CV,fosmidomycin,7,total_terpenes,lazy,3,1.04,0.5980802621722272,0.34530180036213737,1.4857137339155542
CV,fosmidomycin,7,Total_zingiberene_and_derivatives,lazy,3,0.023333333333333334,0.015275252316519466,0.008819171036881969,0.037945830335967594
CV,fosmidomycin,7,trans_B_ocimene,lazy,3,0.013333333333333334,0.005773502691896258,0.0033333333333333335,0.014342175765831541
CV,fosmidomycin,7,zingiberene,lazy,3,0.0033333333333333335,0.005773502691896258,0.0033333333333333335,0.014342175765831541
CV,fosmidomycin,7,Zingiberenol,lazy,3,0.02,0.017320508075688773,0.01,0.04302652729749462
CV,fosmidomycin,14,A_humulene,lazy,3,0.02,0.01,0.005773502691896258,0.0248413771175033
CV,fosmidomycin,14,A_phellandrene,lazy,3,0.006666666666666667,0.005773502691896258,0.0033333333333333335,0.014342175765831541
CV,fosmidomycin,14,A_terpinene,lazy,3,0,0,0,0
CV,fosmidomycin,14,B_caryophyllene,lazy,3,0.02,0.01,0.005773502691896258,0.0248413771175033
CV,fosmidomycin,14,B_phellandreneD_limonene,lazy,3,0.006666666666666667,0.005773502691896258,0.0033333333333333335,0.014342175765831541
CV,fosmidomycin,14,B_pinene,lazy,3,0,0,0,0
CV,fosmidomycin,14,carene,lazy,3,0.01,0,0,0
CV,fosmidomycin,14,Cuparene,lazy,3,0,0,0,0
CV,fosmidomycin,14,epoxy_zingiberenol,lazy,3,0,0,0,0
CV,fosmidomycin,14,Geraniol,lazy,3,0,0,0,0
CV,fosmidomycin,14,Linalool,lazy,3,0,0,0,0
CV,fosmidomycin,14,Nerolidol,lazy,3,0,0,0,0
CV,fosmidomycin,14,R-curcumene,lazy,3,0,0,0,0
CV,fosmidomycin,14,RF_candidate,lazy,3,0.03,0.01,0.005773502691896258,0.0248413771175033
CV,fosmidomycin,14,Terpinolene,lazy,3,0.0033333333333333335,0.005773502691896258,0.0033333333333333335,0.014342175765831541
CV,fosmidomycin,14,TMA,lazy,3,0,0,0,0
CV,fosmidomycin,14,total_MEP_terpenes,lazy,3,0.08333333333333333,0.030550504633038933,0.017638342073763937,0.07589166067193519
CV,fosmidomycin,14,Total_Monoterpenes,lazy,3,0.03,0.01,0.005773502691896258,0.0248413771175033
CV,fosmidomycin,14,total_MVA_terpenes,lazy,3,0.04,0.02,0.011547005383792516,0.0496827542350066
CV,fosmidomycin,14,Total_sesquiterpenes,lazy,3,0.07,0.0360555127546399,0.02081665999466133,0.089566858950296
CV,fosmidomycin,14,total_terpenes,lazy,3,0.12333333333333334,0.050332229568471665,0.029059326290271158,0.1250321895875155
CV,fosmidomycin,14,Total_zingiberene_and_derivatives,lazy,3,0.026666666666666665,0.005773502691896256,0.0033333333333333327,0.014342175765831537
CV,fosmidomycin,14,trans_B_ocimene,lazy,3,0,0,0,0
CV,fosmidomycin,14,zingiberene,lazy,3,0.02333333333333333,0.011547005383792514,0.006666666666666666,0.02868435153166308
CV,fosmidomycin,14,Zingiberenol,lazy,3,0.0033333333333333335,0.005773502691896258,0.0033333333333333335,0.014342175765831541
CV,mevastatin,7,A_humulene,lazy,3,0.023333333333333334,0.005773502691896256,0.0033333333333333327,0.014342175765831537
CV,mevastatin,7,A_phellandrene,lazy,3,0.03,0.01,0.005773502691896258,0.0248413771175033
CV,mevastatin,7,A_terpinene,lazy,3,0.0033333333333333335,0.005773502691896258,0.0033333333333333335,0.014342175765831541
CV,mevastatin,7,B_caryophyllene,lazy,3,0.02,0.01,0.005773502691896258,0.0248413771175033
CV,mevastatin,7,B_phellandreneD_limonene,lazy,3,0.08333333333333334,0.049328828623162485,0.02848001248439178,0.12253960345926704
CV,mevastatin,7,B_pinene,lazy,3,0.11,0.052915026221291815,0.030550504633038936,0.13144821215456856
CV,mevastatin,7,carene,lazy,3,0.10333333333333333,0.04932882862316247,0.028480012484391772,0.12253960345926701
CV,mevastatin,7,Cuparene,lazy,3,0,0,0,0
CV,mevastatin,7,epoxy_zingiberenol,lazy,3,0,0,0,0
CV,mevastatin,7,Geraniol,lazy,3,0,0,0,0
CV,mevastatin,7,Linalool,lazy,3,0,0,0,0
CV,mevastatin,7,Nerolidol,lazy,3,0,0,0,0
CV,mevastatin,7,R-curcumene,lazy,3,0,0,0,0
CV,mevastatin,7,RF_candidate,lazy,3,0.023333333333333334,0.020816659994661327,0.012018504251546632,0.05171145012542263
CV,mevastatin,7,Terpinolene,lazy,3,0.01,0,0,0
CV,mevastatin,7,TMA,lazy,3,0,0,0,0
CV,mevastatin,7,total_MEP_terpenes,lazy,3,0.37333333333333335,0.17925772879665,0.10349449797506681,0.44530088422647135
CV,mevastatin,7,Total_Monoterpenes,lazy,3,0.13666666666666666,0.06658328118479392,0.03844187531556932,0.1654020397632228
CV,mevastatin,7,total_MVA_terpenes,lazy,3,0.043333333333333335,0.015275252316519466,0.008819171036881969,0.037945830335967594
CV,mevastatin,7,Total_sesquiterpenes,lazy,3,0.04666666666666667,0.015275252316519466,0.008819171036881969,0.037945830335967594
CV,mevastatin,7,total_terpenes,lazy,3,0.4166666666666667,0.1939931270260195,0.11200198410940963,0.48190564266570723
CV,mevastatin,7,Total_zingiberene_and_derivatives,lazy,3,0.0033333333333333335,0.005773502691896258,0.0033333333333333335,0.014342175765831541
CV,mevastatin,7,trans_B_ocimene,lazy,3,0.006666666666666667,0.005773502691896258,0.0033333333333333335,0.014342175765831541
CV,mevastatin,7,zingiberene,lazy,3,0,0,0,0
CV,mevastatin,7,Zingiberenol,lazy,3,0.0033333333333333335,0.005773502691896258,0.0033333333333333335,0.014342175765831541
CV,mevastatin,14,A_humulene,lazy,2,0.015,0.007071067811865475,0.005,0.06353102368087346
CV,mevastatin,14,A_phellandrene,lazy,2,0.01,0,0,0
CV,mevastatin,14,A_terpinene,lazy,2,0,0,0,0
CV,mevastatin,14,B_caryophyllene,lazy,2,0.02,0.01414213562373095,0.01,0.12706204736174692
CV,mevastatin,14,B_phellandreneD_limonene,lazy,2,0.04,0,0,0
CV,mevastatin,14,B_pinene,lazy,2,0,0,0,0
CV,mevastatin,14,carene,lazy,2,0.015,0.007071067811865475,0.005,0.06353102368087346
CV,mevastatin,14,Cuparene,lazy,2,0,0,0,0
CV,mevastatin,14,epoxy_zingiberenol,lazy,2,0.005,0.007071067811865475,0.005,0.06353102368087346
CV,mevastatin,14,Geraniol,lazy,2,0,0,0,0
CV,mevastatin,14,Linalool,lazy,2,0,0,0,0
CV,mevastatin,14,Nerolidol,lazy,2,0,0,0,0
CV,mevastatin,14,R-curcumene,lazy,2,0,0,0,0
CV,mevastatin,14,RF_candidate,lazy,2,0.025,0.007071067811865474,0.004999999999999998,0.06353102368087345
CV,mevastatin,14,Terpinolene,lazy,2,0.005,0.007071067811865475,0.005,0.06353102368087346
CV,mevastatin,14,TMA,lazy,2,0,0,0,0
CV,mevastatin,14,total_MEP_terpenes,lazy,2,0.125,0.03535533905932737,0.024999999999999994,0.3176551184043672
CV,mevastatin,14,Total_Monoterpenes,lazy,2,0.07,0,0,0
CV,mevastatin,14,total_MVA_terpenes,lazy,2,0.035,0.021213203435596427,0.015,0.19059307104262038
CV,mevastatin,14,Total_sesquiterpenes,lazy,2,0.06,0.0282842712474619,0.02,0.25412409472349384
CV,mevastatin,14,total_terpenes,lazy,2,0.16,0.05656854249492382,0.04000000000000001,0.5082481894469878
CV,mevastatin,14,Total_zingiberene_and_derivatives,lazy,2,0.03,0.01414213562373095,0.01,0.12706204736174692
CV,mevastatin,14,trans_B_ocimene,lazy,2,0,0,0,0
CV,mevastatin,14,zingiberene,lazy,2,0.02,0.01414213562373095,0.01,0.12706204736174692
CV,mevastatin,14,Zingiberenol,lazy,2,0.005,0.007071067811865475,0.005,0.06353102368087346
411,control,7,A_humulene,lazy,3,0.11,0.04358898943540674,0.025166114784235836,0.10828105247358061
411,control,7,A_phellandrene,lazy,3,0.03,0,0,0
411,control,7,A_terpinene,lazy,3,0,0,0,0
411,control,7,B_caryophyllene,lazy,3,0.016666666666666666,0.005773502691896258,0.0033333333333333335,0.014342175765831541
411,control,7,B_phellandreneD_limonene,lazy,3,0.013333333333333334,0.005773502691896258,0.0033333333333333335,0.014342175765831541
411,control,7,B_pinene,lazy,3,0.043333333333333335,0.023094010767585035,0.013333333333333338,0.05736870306332618
411,control,7,carene,lazy,3,0.02,0,0,0
411,control,7,Cuparene,lazy,3,0,0,0,0
411,control,7,epoxy_zingiberenol,lazy,3,0.04,0.04358898943540673,0.025166114784235832,0.1082810524735806
411,control,7,Geraniol,lazy,3,0.0033333333333333335,0.005773502691896258,0.0033333333333333335,0.014342175765831541
411,control,7,Linalool,lazy,3,0,0,0,0
411,control,7,Nerolidol,lazy,3,0.36333333333333334,0.05507570547286102,0.03179797338056486,0.1368156369663881
411,control,7,R-curcumene,lazy,3,0,0,0,0
411,control,7,RF_candidate,lazy,3,0.030000000000000002,0.017320508075688773,0.01,0.04302652729749462
411,control,7,Terpinolene,lazy,3,0.01,0,0,0
411,control,7,TMA,lazy,3,4.923333333333334,3.855714373930379,2.226097731707014,9.578125482018269
411,control,7,total_MEP_terpenes,lazy,3,5.49,4.043154708887603,2.3343164595515606,10.043753086788621
411,control,7,Total_Monoterpenes,lazy,3,0.05666666666666667,0.011547005383792518,0.006666666666666669,0.02868435153166309
411,control,7,total_MVA_terpenes,lazy,3,0.49,0.07211102550927977,0.04163331998932265,0.17913371790059193
411,control,7,Total_sesquiterpenes,lazy,3,0.12666666666666668,0.04932882862316247,0.028480012484391772,0.12253960345926701
411,control,7,total_terpenes,lazy,3,5.98,4.055477777031949,2.341431186261941,10.074365285090462
411,control,7,Total_zingiberene_and_derivatives,lazy,3,0.4166666666666667,0.15821925715074422,0.0913479307069648,0.39303842341328676
411,control,7,trans_B_ocimene,lazy,3,0,0,0,0
411,control,7,zingiberene,lazy,3,0.36666666666666664,0.10016652800877811,0.05783117190965823,0.2488274496817014
411,control,7,Zingiberenol,lazy,3,0.01,0.017320508075688773,0.01,0.04302652729749462
411,control,14,A_humulene,lazy,3,0.07333333333333333,0.0057735026918962545,0.003333333333333332,0.014342175765831532
411,control,14,A_phellandrene,lazy,3,0.0033333333333333335,0.005773502691896258,0.0033333333333333335,0.014342175765831541
411,control,14,A_terpinene,lazy,3,0,0,0,0
411,control,14,B_caryophyllene,lazy,3,0,0,0,0
411,control,14,B_phellandreneD_limonene,lazy,3,0.01,0.01,0.005773502691896258,0.0248413771175033
411,control,14,B_pinene,lazy,3,0,0,0,0
411,control,14,carene,lazy,3,0.006666666666666667,0.005773502691896258,0.0033333333333333335,0.014342175765831541
411,control,14,Cuparene,lazy,3,0,0,0,0
411,control,14,epoxy_zingiberenol,lazy,3,0.006666666666666667,0.005773502691896258,0.0033333333333333335,0.014342175765831541
411,control,14,Geraniol,lazy,3,0.006666666666666667,0.011547005383792516,0.006666666666666667,0.028684351531663082
411,control,14,Linalool,lazy,3,0,0,0,0
411,control,14,Nerolidol,lazy,3,0,0,0,0
411,control,14,R-curcumene,lazy,3,0,0,0,0
411,control,14,RF_candidate,lazy,3,0.0033333333333333335,0.005773502691896258,0.0033333333333333335,0.014342175765831541
411,control,14,Terpinolene,lazy,3,0,0,0,0
411,control,14,TMA,lazy,3,0.03,0.02,0.011547005383792516,0.0496827542350066
411,control,14,total_MEP_terpenes,lazy,3,0.16333333333333333,0.04509249752822894,0.026034165586355514,0.11201597362688205
411,control,14,Total_Monoterpenes,lazy,3,0.030000000000000002,0.017320508075688773,0.01,0.04302652729749462
411,control,14,total_MVA_terpenes,lazy,3,0.07333333333333333,0.0057735026918962545,0.003333333333333332,0.014342175765831532
411,control,14,Total_sesquiterpenes,lazy,3,0.17,0,0,0
411,control,14,total_terpenes,lazy,3,0.2366666666666667,0.040414518843273815,0.02333333333333334,0.1003952303608208
411,control,14,Total_zingiberene_and_derivatives,lazy,3,0.1,0.010000000000000002,0.005773502691896259,0.024841377117503304
411,control,14,trans_B_ocimene,lazy,3,0,0,0,0
411,control,14,zingiberene,lazy,3,0.09333333333333334,0.005773502691896263,0.0033333333333333366,0.014342175765831553
411,control,14,Zingiberenol,lazy,3,0.0033333333333333335,0.005773502691896258,0.0033333333333333335,0.014342175765831541
411,fosmidomycin,7,A_humulene,lazy,3,0.023333333333333334,0.015275252316519466,0.008819171036881969,0.037945830335967594
411,fosmidomycin,7,A_phellandrene,lazy,3,0.02,0,0,0
411,fosmidomycin,7,A_terpinene,lazy,3,0,0,0,0
411,fosmidomycin,7,B_caryophyllene,lazy,3,0.0033333333333333335,0.005773502691896258,0.0033333333333333335,0.014342175765831541
411,fosmidomycin,7,B_phellandreneD_limonene,lazy,3,0.006666666666666667,0.005773502691896258,0.0033333333333333335,0.014342175765831541
411,fosmidomycin,7,B_pinene,lazy,3,0.02,0.02,0.011547005383792516,0.0496827542350066
411,fosmidomycin,7,carene,lazy,3,0.02,0,0,0
411,fosmidomycin,7,Cuparene,lazy,3,0,0,0,0
411,fosmidomycin,7,epoxy_zingiberenol,lazy,3,0.0033333333333333335,0.005773502691896258,0.0033333333333333335,0.014342175765831541
411,fosmidomycin,7,Geraniol,lazy,3,0,0,0,0
411,fosmidomycin,7,Linalool,lazy,3,0,0,0,0
411,fosmidomycin,7,Nerolidol,lazy,3,0.11,0.19052558883257653,0.11000000000000003,0.47329180027244094
411,fosmidomycin,7,R-curcumene,lazy,3,0,0,0,0
411,fosmidomycin,7,RF_candidate,lazy,3,0.013333333333333334,0.005773502691896258,0.0033333333333333335,0.014342175765831541
411,fosmidomycin,7,Terpinolene,lazy,3,0.006666666666666667,0.005773502691896258,0.0033333333333333335,0.014342175765831541
411,fosmidomycin,7,TMA,lazy,3,0.4933333333333333,0.306648550189518,0.1770436229985267,0.7617572277793455
411,fosmidomycin,7,total_MEP_terpenes,lazy,3,0.6766666666666666,0.2502665245959462,0.14449144534462166,0.6216965117374815
411,fosmidomycin,7,Total_Monoterpenes,lazy,3,0.04,0.010000000000000002,0.005773502691896259,0.024841377117503304
411,fosmidomycin,7,total_MVA_terpenes,lazy,3,0.13666666666666666,0.21079215671683169,0.12170090842352456,0.5236367458414672
411,fosmidomycin,7,Total_sesquiterpenes,lazy,3,0.026666666666666665,0.015275252316519466,0.008819171036881969,0.037945830335967594
411,fosmidomycin,7,total_terpenes,lazy,3,0.8133333333333334,0.33080709383768264,0.19099156467702388,0.8217703771167177
411,fosmidomycin,7,Total_zingiberene_and_derivatives,lazy,3,0.1,0.049999999999999996,0.028867513459481287,0.1242068855875165
411,fosmidomycin,7,trans_B_ocimene,lazy,3,0,0,0,0
411,fosmidomycin,7,zingiberene,lazy,3,0.09,0.05,0.02886751345948129,0.12420688558751651
411,fosmidomycin,7,Zingiberenol,lazy,3,0.0033333333333333335,0.005773502691896258,0.0033333333333333335,0.014342175765831541
411,fosmidomycin,14,A_humulene,lazy,3,0.04,0.02645751311064591,0.01527525231651947,0.0657241060772843
411,fosmidomycin,14,A_phellandrene,lazy,3,0.01,0,0,0
411,fosmidomycin,14,A_terpinene,lazy,3,0,0,0,0
411,fosmidomycin,14,B_caryophyllene,lazy,3,0.0033333333333333335,0.005773502691896258,0.0033333333333333335,0.014342175765831541
411,fosmidomycin,14,B_phellandreneD_limonene,lazy,3,0.01,0,0,0
411,fosmidomycin,14,B_pinene,lazy,3,0,0,0,0
411,fosmidomycin,14,carene,lazy,3,0.0033333333333333335,0.005773502691896258,0.0033333333333333335,0.014342175765831541
411,fosmidomycin,14,Cuparene,lazy,3,0,0,0,0
411,fosmidomycin,14,epoxy_zingiberenol,lazy,3,0,0,0,0
411,fosmidomycin,14,Geraniol,lazy,3,0.006666666666666667,0.005773502691896258,0.0033333333333333335,0.014342175765831541
411,fosmidomycin,14,Linalool,lazy,3,0,0,0,0
411,fosmidomycin,14,Nerolidol,lazy,3,0,0,0,0
411,fosmidomycin,14,R-curcumene,lazy,3,0,0,0,0
411,fosmidomycin,14,RF_candidate,lazy,3,0.006666666666666667,0.005773502691896258,0.0033333333333333335,0.014342175765831541
411,fosmidomycin,14,Terpinolene,lazy,3,0.0033333333333333335,0.005773502691896258,0.0033333333333333335,0.014342175765831541
411,fosmidomycin,14,TMA,lazy,3,0,0,0,0
411,fosmidomycin,14,total_MEP_terpenes,lazy,3,0.060000000000000005,0.010000000000000002,0.005773502691896259,0.024841377117503304
411,fosmidomycin,14,Total_Monoterpenes,lazy,3,0.03333333333333333,0.011547005383792516,0.006666666666666667,0.028684351531663082
411,fosmidomycin,14,total_MVA_terpenes,lazy,3,0.043333333333333335,0.03214550253664318,0.01855921454276674,0.07985385511444122
411,fosmidomycin,14,Total_sesquiterpenes,lazy,3,0.06666666666666667,0.023094010767585032,0.013333333333333334,0.057368703063326164
411,fosmidomycin,14,total_terpenes,lazy,3,0.10333333333333333,0.025166114784235832,0.014529663145135579,0.06251609479375775
411,fosmidomycin,14,Total_zingiberene_and_derivatives,lazy,3,0.02,0.02,0.011547005383792516,0.0496827542350066
411,fosmidomycin,14,trans_B_ocimene,lazy,3,0,0,0,0
411,fosmidomycin,14,zingiberene,lazy,3,0.02,0.02,0.011547005383792516,0.0496827542350066
411,fosmidomycin,14,Zingiberenol,lazy,3,0,0,0,0
411,mevastatin,7,A_humulene,lazy,3,0.043333333333333335,0.005773502691896259,0.0033333333333333344,0.014342175765831544
411,mevastatin,7,A_phellandrene,lazy,3,0.016666666666666666,0.005773502691896258,0.0033333333333333335,0.014342175765831541
411,mevastatin,7,A_terpinene,lazy,3,0,0,0,0
411,mevastatin,7,B_caryophyllene,lazy,3,0.01,0,0,0
411,mevastatin,7,B_phellandreneD_limonene,lazy,3,0.01,0,0,0
411,mevastatin,7,B_pinene,lazy,3,0.03,0,0,0
411,mevastatin,7,carene,lazy,3,0.016666666666666666,0.005773502691896258,0.0033333333333333335,0.014342175765831541
411,mevastatin,7,Cuparene,lazy,3,0,0,0,0
411,mevastatin,7,epoxy_zingiberenol,lazy,3,0.016666666666666666,0.011547005383792514,0.006666666666666666,0.02868435153166308
411,mevastatin,7,Geraniol,lazy,3,0,0,0,0
411,mevastatin,7,Linalool,lazy,3,0,0,0,0
411,mevastatin,7,Nerolidol,lazy,3,0.22,0.07810249675906654,0.04509249752822894,0.19401735758105512
411,mevastatin,7,R-curcumene,lazy,3,0,0,0,0
411,mevastatin,7,RF_candidate,lazy,3,0.013333333333333334,0.005773502691896258,0.0033333333333333335,0.014342175765831541
411,mevastatin,7,Terpinolene,lazy,3,0.006666666666666667,0.005773502691896258,0.0033333333333333335,0.014342175765831541
411,mevastatin,7,TMA,lazy,3,1.1666666666666667,0.7216878364870323,0.41666666666666674,1.7927719707289427
411,mevastatin,7,total_MEP_terpenes,lazy,3,1.42,0.7458552138317461,0.43061970848224457,1.8528070641850471
411,mevastatin,7,Total_Monoterpenes,lazy,3,0.03666666666666667,0.005773502691896259,0.0033333333333333344,0.014342175765831544
411,mevastatin,7,total_MVA_terpenes,lazy,3,0.2733333333333333,0.08386497083606083,0.04841946348777983,0.2083321367487003
411,mevastatin,7,Total_sesquiterpenes,lazy,3,0.04666666666666667,0.011547005383792512,0.006666666666666665,0.028684351531663075
411,mevastatin,7,total_terpenes,lazy,3,1.6933333333333334,0.8297188278768496,0.4790383886263999,2.0611358304781633
411,mevastatin,7,Total_zingiberene_and_derivatives,lazy,3,0.15666666666666668,0.03214550253664319,0.018559214542766742,0.07985385511444124
411,mevastatin,7,trans_B_ocimene,lazy,3,0,0,0,0
411,mevastatin,7,zingiberene,lazy,3,0.14333333333333334,0.03055050463303894,0.01763834207376394,0.0758916606719352
411,mevastatin,7,Zingiberenol,lazy,3,0,0,0,0
411,mevastatin,14,A_humulene,lazy,3,0.1,0.03,0.017320508075688773,0.0745241313525099
411,mevastatin,14,A_phellandrene,lazy,3,0.006666666666666667,0.005773502691896258,0.0033333333333333335,0.014342175765831541
411,mevastatin,14,A_terpinene,lazy,3,0,0,0,0
411,mevastatin,14,B_caryophyllene,lazy,3,0.0033333333333333335,0.005773502691896258,0.0033333333333333335,0.014342175765831541
411,mevastatin,14,B_phellandreneD_limonene,lazy,3,0.006666666666666667,0.005773502691896258,0.0033333333333333335,0.014342175765831541
411,mevastatin,14,B_pinene,lazy,3,0,0,0,0
411,mevastatin,14,carene,lazy,3,0.01,0,0,0
411,mevastatin,14,Cuparene,lazy,3,0,0,0,0
411,mevastatin,14,epoxy_zingiberenol,lazy,3,0,0,0,0
411,mevastatin,14,Geraniol,lazy,3,0,0,0,0
411,mevastatin,14,Linalool,lazy,3,0,0,0,0
411,mevastatin,14,Nerolidol,lazy,3,0,0,0,0
411,mevastatin,14,R-curcumene,lazy,3,0,0,0,0
411,mevastatin,14,RF_candidate,lazy,3,0.006666666666666667,0.005773502691896258,0.0033333333333333335,0.014342175765831541
411,mevastatin,14,Terpinolene,lazy,3,0.0033333333333333335,0.005773502691896258,0.0033333333333333335,0.014342175765831541
411,mevastatin,14,TMA,lazy,3,0.01,0,0,0
411,mevastatin,14,total_MEP_terpenes,lazy,3,0.17,0.07,0.04041451884327381,0.17388963982252312
411,mevastatin,14,Total_Monoterpenes,lazy,3,0.03,0.017320508075688773,0.01,0.04302652729749462
411,mevastatin,14,total_MVA_terpenes,lazy,3,0.10333333333333333,0.030550504633038933,0.017638342073763937,0.07589166067193519
411,mevastatin,14,Total_sesquiterpenes,lazy,3,0.23333333333333334,0.08020806277010643,0.046308146631499354,0.19924787351365905
411,mevastatin,14,total_terpenes,lazy,3,0.2733333333333333,0.10016652800877812,0.05783117190965824,0.24882744968170142
411,mevastatin,14,Total_zingiberene_and_derivatives,lazy,3,0.12666666666666668,0.05131601439446885,0.0296273147243853,0.12747604657402284
411,mevastatin,14,trans_B_ocimene,lazy,3,0,0,0,0
411,mevastatin,14,zingiberene,lazy,3,0.12333333333333334,0.050332229568471665,0.029059326290271158,0.1250321895875155
411,mevastatin,14,Zingiberenol,lazy,3,0.0033333333333333335,0.005773502691896258,0.0033333333333333335,0.014342175765831541
