target	Chr	Start	End	Strand	Length	PI127826_F1	Elite_02	PI127826	F2-127	F2-151	F2-28	F2-411	F2-445	F2-73
Solyc12g015860.2.1	"Super-Scaffold_67;Super-Scaffold_67;Super-Scaffold_67;Super-Scaffold_67;Super-Scaffold_67;Super-Scaffold_67;Super-Scaffold_67;Super-Scaffold_67;Super-Scaffold_67;Super-Scaffold_67;Super-Scaffold_67;Super-Scaffold_67;Super-Scaffold_67;Super-Scaffold_67;Super-Scaffold_67;Super-Scaffold_67;Super-Scaffold_67;Super-Scaffold_79;Super-Scaffold_79;Super-Scaffold_79;Super-Scaffold_79;Super-Scaffold_79;Super-Scaffold_79;Super-Scaffold_84;Super-Scaffold_84;Super-Scaffold_107;Super-Scaffold_107;Super-Scaffold_34642;Super-Scaffold_34642;Super-Scaffold_34642"	"6484268;6484348;6484710;6484710;6484871;6485072;6485072;6485633;6485633;6486151;6486151;6486298;6486298;6486478;6486706;6486926;6488371;6873900;6874048;6874229;6874277;6874444;6874632;6495389;6495560;12793317;12793559;4736473;4736537;4736684"	"6484341;6484601;6484782;6484782;6484962;6485116;6485113;6485729;6485726;6486205;6486205;6486382;6486388;6486600;6486795;6487040;6488497;6873947;6874122;6874265;6874349;6874516;6874673;6495416;6495638;12793434;12793587;4736536;4736557;4736712"	"+;+;+;+;+;+;+;+;+;+;+;+;+;+;+;+;+;+;+;+;+;+;+;+;+;+;+;+;+;+"	1952	1485	1388	7240	389	108	701	504	618	112
Solyc10g005820.3.1	"Super-Scaffold_67;Super-Scaffold_67;Super-Scaffold_67;Super-Scaffold_67;Super-Scaffold_67;Super-Scaffold_67;Super-Scaffold_67;Super-Scaffold_67;Super-Scaffold_67;Super-Scaffold_67;Super-Scaffold_79;Super-Scaffold_79;Super-Scaffold_79;Super-Scaffold_79;Super-Scaffold_79;Super-Scaffold_79;Super-Scaffold_79;Super-Scaffold_79;Super-Scaffold_79;Super-Scaffold_79;Super-Scaffold_79;Super-Scaffold_107;Super-Scaffold_107;Super-Scaffold_107;Super-Scaffold_107;376133_obj;376133_obj"	"6485677;6486154;6486307;6486480;6486722;6486722;6486926;6486926;6487011;6487143;6871159;6871866;6872152;6872352;6873359;6873900;6874043;6874228;6874632;6874844;6876431;12793180;12793339;12793394;12793559;46;323"	"6485729;6486198;6486377;6486600;6486794;6486794;6486985;6486985;6487052;6487180;6871297;6871934;6872244;6872396;6873455;6873954;6874133;6874349;6874771;6874880;6876680;12793212;12793383;12793434;12793587;100;387"	"+;+;+;+;+;+;+;+;+;+;+;+;+;+;+;+;+;+;+;+;+;+;+;+;+;+;+"	1909	1125	1175	5173	374	131	587	408	375	267
Solyc10g005840.4.1	"Super-Scaffold_67;Super-Scaffold_67;Super-Scaffold_67;Super-Scaffold_67;Super-Scaffold_79;Super-Scaffold_79;Super-Scaffold_79;Super-Scaffold_79;Super-Scaffold_79;Super-Scaffold_79;Super-Scaffold_79;Super-Scaffold_79;Super-Scaffold_1000005;Super-Scaffold_1000005;Super-Scaffold_1000005;Super-Scaffold_1000005;Super-Scaffold_1000013;Super-Scaffold_1000013;Super-Scaffold_1000013;Super-Scaffold_1000013;Super-Scaffold_1000013;Super-Scaffold_1000013;376133_obj;376133_obj;376133_obj;376133_obj;363528_obj;363528_obj;363528_obj;221985_obj;221985_obj;221985_obj;221985_obj;221985_obj"	"6486151;6486298;6486346;6486480;6868412;6871176;6871238;6871863;6872166;6872350;6873359;6873903;15402216;15402631;15402902;15402967;8296873;8296963;8297299;8297569;8298105;8298558;46;333;603;683;76;355;809;2648;3076;3134;3342;3356"	"6486198;6486330;6486378;6486600;6868707;6871230;6871294;6871932;6872242;6872393;6873455;6873954;15402253;15402700;15402949;15402994;8296918;8296982;8297371;8297660;8298177;8298619;126;387;682;702;145;424;853;2702;3129;3142;3353;3425"	"+;+;+;+;+;+;+;+;+;+;+;+;+;+;+;+;+;+;+;+;+;+;+;+;+;+;+;+;+;+;+;+;+;+"	2154	702	995	2938	274	123	442	282	196	228
Solyc09g008920.3.1	"Super-Scaffold_67;Super-Scaffold_67;Super-Scaffold_67;Super-Scaffold_107;Super-Scaffold_107;Super-Scaffold_107;Super-Scaffold_107;Super-Scaffold_107;Super-Scaffold_107;Super-Scaffold_1000029"	"1526519;1526567;1526578;2418392;2418421;2418493;2418608;2420711;2422408;1231123"	"1526558;1526573;1526586;2418411;2418483;2418605;2419382;2421086;2422593;1231162"	"+;+;+;+;+;+;+;+;+;+"	1629	1685	480	5071	785	35	1872	1852	1880	1225
Solyc11g010850.2.1	"Super-Scaffold_78;Super-Scaffold_78;Super-Scaffold_78;Super-Scaffold_78;Super-Scaffold_78;Super-Scaffold_78;Super-Scaffold_78;Super-Scaffold_78"	"21779717;21779966;21780521;21781133;21781503;21781853;21782280;21782661"	"21779882;21780130;21780669;21781405;21781777;21782161;21782561;21782943"	"+;+;+;+;+;+;+;+"	1902	22926	8878	219360	13631	133	17944	221	68	13907
Solyc11g007020.2.1	"Super-Scaffold_78;Super-Scaffold_78;Super-Scaffold_78;Super-Scaffold_78;Super-Scaffold_78;Super-Scaffold_78;Super-Scaffold_78;Super-Scaffold_78;Super-Scaffold_78;Super-Scaffold_78;Super-Scaffold_78;Super-Scaffold_78;Super-Scaffold_78;Super-Scaffold_1000004;Super-Scaffold_1000004;Super-Scaffold_1000004;Super-Scaffold_1000004;Super-Scaffold_1000004"	"24151312;24151534;24152216;24152219;24152871;24153043;24153043;24153370;24153370;24154346;24157022;24157246;24157430;3273789;3274111;3274595;3274774;3275020"	"24151533;24151770;24152343;24152343;24152915;24153200;24153200;24153455;24153455;24154427;24157245;24157428;24157459;3273925;3274194;3274653;3274835;3275076"	"+;+;+;+;+;+;+;+;+;+;+;+;+;+;+;+;+;+"	1794	2484	1456	10821	1442	145	1595	1446	111	2154
Solyc04g009650.4.1	"Super-Scaffold_78;Super-Scaffold_78;Super-Scaffold_78;Super-Scaffold_78;Super-Scaffold_78;Super-Scaffold_78;Super-Scaffold_78;Super-Scaffold_78;Super-Scaffold_78;Super-Scaffold_78;Super-Scaffold_1000004;Super-Scaffold_1000004;Super-Scaffold_1000004;Super-Scaffold_1000004;Super-Scaffold_1000004;Super-Scaffold_1000004;Super-Scaffold_1000004;Super-Scaffold_1000004;Super-Scaffold_1000004;Super-Scaffold_1000004;Super-Scaffold_1000004;Super-Scaffold_1000004;Super-Scaffold_1000004;Super-Scaffold_1000004"	"24152231;24152866;24153044;24153373;24154344;24154523;24154788;24155401;24155502;24157063;3272359;3272446;3272911;3273601;3273601;3273790;3274111;3274111;3274595;3274595;3274772;3275020;3275886;3277641"	"24152343;24152907;24153203;24153453;24154404;24154587;24154834;24155462;24155599;24157130;3272438;3272805;3273029;3273643;3273643;3273946;3274196;3274196;3274676;3274676;3274838;3275087;3276086;3277783"	"+;+;+;+;+;+;+;+;+;+;+;+;+;+;+;+;+;+;+;+;+;+;+;+"	2203	1904	1539	10170	1469	210	1704	1420	112	1913
Solyc05g017760.4.1	"Super-Scaffold_78;Super-Scaffold_78;Super-Scaffold_84;Super-Scaffold_84;Super-Scaffold_84;Super-Scaffold_84;Super-Scaffold_84;Super-Scaffold_84;Super-Scaffold_84;Super-Scaffold_84;Super-Scaffold_84;Super-Scaffold_84;Super-Scaffold_84;Super-Scaffold_84;Super-Scaffold_84;Super-Scaffold_84;Super-Scaffold_84;Super-Scaffold_84;Super-Scaffold_84;Super-Scaffold_84;Super-Scaffold_84;Super-Scaffold_84;Super-Scaffold_84;Super-Scaffold_84;Super-Scaffold_84;316_obj;316_obj;316_obj;316_obj;316_obj;316_obj;316_obj;316_obj;316_obj;316_obj"	"14471375;14471479;25035788;25036761;25037401;25037597;25037897;25038421;25038919;25038923;25039090;25039090;25039563;25039565;25039968;25039970;25040209;25040409;25040409;25040680;25040680;25040882;25040882;25041668;25041671;445371;445951;446139;446591;447158;447400;447425;447600;447880;448124"	"14471478;14471502;25035897;25036836;25037503;25037768;25038003;25038562;25039001;25039001;25039153;25039153;25039648;25039650;25040070;25040066;25040325;25040447;25040448;25040770;25040770;25040989;25040989;25041711;25041898;445508;446030;446197;446678;447253;447407;447497;447635;447955;448194"	"+;+;+;+;+;+;+;+;+;+;+;+;+;+;+;+;+;+;+;+;+;+;+;+;+;+;+;+;+;+;+;+;+;+;+"	2488	4187	1484	23709	2124	449	4395	6266	3133	8763
Solyc07g045350.4.1	"Super-Scaffold_78;Super-Scaffold_78;Super-Scaffold_78;Super-Scaffold_84;Super-Scaffold_84;Super-Scaffold_84;Super-Scaffold_84;Super-Scaffold_84;Super-Scaffold_84;Super-Scaffold_84;Super-Scaffold_84;Super-Scaffold_84;Super-Scaffold_84;Super-Scaffold_84;Super-Scaffold_84;Super-Scaffold_84;Super-Scaffold_84;316_obj;316_obj;316_obj;316_obj;316_obj;316_obj;316_obj;316_obj;316_obj;316_obj;316_obj;316_obj;316_obj;316_obj;316_obj;316_obj;316_obj;316_obj"	"9055427;9055482;14471380;25037401;25037625;25037895;25038421;25039563;25039968;25039970;25040209;25040234;25040413;25040413;25040680;25040681;25040881;442011;444178;444384;444678;445371;445950;445950;446142;446593;447156;447400;447404;447595;447879;447879;448123;448123;448574"	"9055461;9055542;14471470;25037498;25037766;25038003;25038562;25039650;25040065;25040005;25040321;25040326;25040448;25040448;25040756;25040756;25040951;442159;444277;444558;444781;445507;446033;446033;446205;446676;447258;447515;447515;447634;447967;447967;448221;448234;448711"	"+;+;+;+;+;+;+;+;+;+;+;+;+;+;+;+;+;+;+;+;+;+;+;+;+;+;+;+;+;+;+;+;+;+;+"	2661	5919	1672	35374	2817	482	5184	8617	3816	11854
Solyc01g067890.4.1	"Super-Scaffold_78;Super-Scaffold_78;Super-Scaffold_136553;Super-Scaffold_136553;Super-Scaffold_136553;Super-Scaffold_136553;Super-Scaffold_136553;Super-Scaffold_136553;Super-Scaffold_136553;Super-Scaffold_136553;Super-Scaffold_136553;Super-Scaffold_136553;Super-Scaffold_136553;Super-Scaffold_136553;Super-Scaffold_136553;Super-Scaffold_136553;Super-Scaffold_136553;Super-Scaffold_136553;Super-Scaffold_136553;Super-Scaffold_136553;Super-Scaffold_136553"	"21781977;21782315;1435054;1435127;1435259;1435607;1435992;1436394;1437026;1437028;1437385;1437385;1437981;1437981;1438227;1438227;1438489;1439079;1439244;1439279;1439399"	"21782074;21782333;1435125;1435258;1435510;1435889;1436274;1436703;1437299;1437299;1437656;1437659;1438132;1438132;1438393;1438393;1438609;1439242;1439278;1439398;1439483"	"+;+;+;+;+;+;+;+;+;+;+;+;+;+;+;+;+;+;+;+;+"	2842	6657	5791	31590	4386	782	6412	1900	868	3940
Solyc02g085710.4.1	"Super-Scaffold_78;Super-Scaffold_78;Super-Scaffold_45573;Super-Scaffold_45573;Super-Scaffold_45573"	"21425216;21425648;28699475;28700305;28701840"	"21425288;21425679;28700302;28700595;28702016"	"+;+;+;+;+"	1401	84	62	48	31	58	6	2	59	4
Solyc02g085720.1.1	"Super-Scaffold_78;Super-Scaffold_45573;Super-Scaffold_45573;Super-Scaffold_45573;Super-Scaffold_45573"	"21425222;28699475;28699696;28700309;28701840"	"21425274;28699672;28700298;28700595;28702961"	"+;+;+;+;+"	2263	152	68	109	24	92	6	2	104	3
Solyc02g085700.1.1	"Super-Scaffold_78;Super-Scaffold_78;Super-Scaffold_78;Super-Scaffold_78;Super-Scaffold_45573"	"21425258;21425567;21425800;21425807;28697471"	"21425291;21425598;21425805;21425840;28698553"	"+;+;+;+;+"	1189	1594	150	4931	71	193	406	16	483	17
Solyc03g114340.3.1	"Super-Scaffold_84;Super-Scaffold_45587;Super-Scaffold_45587;Super-Scaffold_45587;Super-Scaffold_45587;Super-Scaffold_45587;Super-Scaffold_45587;Super-Scaffold_45587;Super-Scaffold_45587;Super-Scaffold_45587;Super-Scaffold_45587;Super-Scaffold_45587;Super-Scaffold_45587;Super-Scaffold_45587;Super-Scaffold_45587;Super-Scaffold_45587;Super-Scaffold_45587;Super-Scaffold_45587;Super-Scaffold_45587;Super-Scaffold_45587;Super-Scaffold_45587;Super-Scaffold_45587;Super-Scaffold_45587;Super-Scaffold_45587;Super-Scaffold_45587;Super-Scaffold_45587;Super-Scaffold_45587;Super-Scaffold_45587;361034_obj"	"16217939;3498238;3498354;3498476;3498786;3499498;3500090;3500337;3500337;3501091;3501091;3501435;3501435;3501856;3501859;3502108;3502111;3502347;3502347;3502636;3502636;3503357;3503583;3503622;3503622;3503676;3503676;3503694;6346"	"16218038;3498350;3498475;3498566;3498969;3499582;3500210;3500399;3500399;3501242;3501242;3501503;3501503;3501970;3501970;3502215;3502215;3502468;3502468;3502781;3502779;3503609;3503609;3503669;3503669;3503748;3503686;3503707;6397"	"+;+;+;+;+;+;+;+;+;+;+;+;+;+;+;+;+;+;+;+;+;+;+;+;+;+;+;+;+"	2017	7585	1478	100106	2118	783	3565	3124	1817	4766
Solyc07g061990.3.1	"Super-Scaffold_109;Super-Scaffold_109;Super-Scaffold_109;Super-Scaffold_109;Super-Scaffold_109;Super-Scaffold_109"	"3311643;3312083;3313337;3313554;3314936;3315177"	"3311980;3312191;3313465;3313654;3315067;3316186"	"+;+;+;+;+;+"	1819	1038	358	798	520	150	264	270	300	731
Solyc11g069380.2.1	"Super-Scaffold_128;Super-Scaffold_128;Super-Scaffold_128;Super-Scaffold_128;Super-Scaffold_128;Super-Scaffold_128;Super-Scaffold_128;Super-Scaffold_128;Super-Scaffold_128;Super-Scaffold_128;Super-Scaffold_128;Super-Scaffold_128;Super-Scaffold_128;Super-Scaffold_128;Super-Scaffold_128;Super-Scaffold_128;Super-Scaffold_128;Super-Scaffold_128;Super-Scaffold_128;Super-Scaffold_128;Super-Scaffold_128;Super-Scaffold_128;Super-Scaffold_128;Super-Scaffold_128;Super-Scaffold_128;Super-Scaffold_1000028;Super-Scaffold_1000028;Super-Scaffold_1000152;Super-Scaffold_1000152;Super-Scaffold_1000152"	"4214332;4217000;4217853;4218066;4218846;4218850;4219053;4219055;4219206;4219209;4219377;4219377;4219535;4219538;4219766;4220006;4220006;4220334;4220497;4220499;4220745;4220745;4220948;4220948;4221573;5374717;5374965;688061;688267;688348"	"4214620;4217108;4217976;4218295;4218966;4218966;4219129;4219129;4219285;4219283;4219439;4219439;4219599;4219599;4219912;4220143;4220143;4220410;4220659;4220659;4220842;4220842;4221050;4221050;4221910;5374863;5375012;688074;688344;688376"	"+;+;+;+;+;+;+;+;+;+;+;+;+;+;+;+;+;+;+;+;+;+;+;+;+;+;+;+;+;+"	2538	25530	34702	126591	2940	1314	15256	13803	2298	6724
Solyc08g023470.3.1	"Super-Scaffold_171;Super-Scaffold_171;Super-Scaffold_171;Super-Scaffold_171;Super-Scaffold_171;Super-Scaffold_171;Super-Scaffold_171;Super-Scaffold_171;Super-Scaffold_171;Super-Scaffold_171"	"12522661;12527550;12528430;12531768;12532636;12533414;12533414;12534547;12534548;12535181"	"12522924;12527634;12528505;12531908;12532724;12533513;12533500;12534882;12535175;12535198"	"+;+;+;+;+;+;+;+;+;+"	1402	916	738	1620	558	438	573	578	355	484
Solyc10g085150.2.1	"Super-Scaffold_181;Super-Scaffold_181;Super-Scaffold_181;Super-Scaffold_181;Super-Scaffold_181;Super-Scaffold_181;Super-Scaffold_181;Super-Scaffold_136553;Super-Scaffold_136553;Super-Scaffold_136553;Super-Scaffold_136553;Super-Scaffold_1000029"	"1119794;1125123;1125257;1125422;1126404;1126656;1126664;9339606;9339852;9339894;9339909;622773"	"1120356;1125237;1125321;1125487;1126651;1126661;1126849;9339768;9339873;9339904;9339934;622934"	"+;+;+;+;+;+;+;+;+;+;+;+"	1633	72	85	4421	1369	0	6	26	2	3
Solyc10g085140.2.1	"Super-Scaffold_181;Super-Scaffold_181;Super-Scaffold_181;Super-Scaffold_181;Super-Scaffold_181;Super-Scaffold_181;Super-Scaffold_136553;Super-Scaffold_136553;Super-Scaffold_136553"	"1119837;1120051;1120060;1124888;1125421;1126398;9339542;9339556;9339824"	"1120047;1120056;1120207;1125320;1125484;1126848;9339549;9339752;9339867"	"+;+;+;+;+;+;+;+;+"	1562	65	18	6139	1539	0	7	11	1	1
Solyc12g056450.2.1	"Super-Scaffold_210;Super-Scaffold_210;Super-Scaffold_210;Super-Scaffold_210;Super-Scaffold_210;Super-Scaffold_210;Super-Scaffold_210;Super-Scaffold_210;Super-Scaffold_210;Super-Scaffold_210;Super-Scaffold_210;Super-Scaffold_210;Super-Scaffold_210;Super-Scaffold_210;Super-Scaffold_210;Super-Scaffold_210;Super-Scaffold_210;Super-Scaffold_1000029;Super-Scaffold_1000029;Super-Scaffold_1000029;Super-Scaffold_1000029;Super-Scaffold_1000029;Super-Scaffold_1000029;Super-Scaffold_1000029;Super-Scaffold_1000029;Super-Scaffold_1000029;Super-Scaffold_1000029;Super-Scaffold_1000029;Super-Scaffold_1000029;Super-Scaffold_1000061;Super-Scaffold_1000061;Super-Scaffold_1000061;Super-Scaffold_1000061;Super-Scaffold_1000061;Super-Scaffold_1000061;Super-Scaffold_1000061;Super-Scaffold_1000061;Super-Scaffold_1000061;Super-Scaffold_1000061;Super-Scaffold_1000061;Super-Scaffold_1000061;Super-Scaffold_1000061"	"836780;836959;837220;837566;838431;838594;838594;838765;838765;838913;838915;839138;839138;839376;839622;839853;839930;2437178;2437472;2437706;2438038;2438218;2438371;2438533;2438782;2439092;2439815;2440156;2441309;4688001;4688022;4688232;4695545;4695900;4696182;4696463;4696463;4696795;4696950;4697401;4697687;4698602"	"836888;837091;837365;837724;838504;838669;838667;838822;838822;839003;839003;839274;839278;839526;839851;839928;839992;2437352;2437607;2437830;2438107;2438273;2438446;2438604;2438943;2439225;2439947;2440256;2441373;4688007;4688125;4688356;4695721;4695963;4696290;4696497;4696497;4696870;4697023;4697519;4697823;4698700"	"+;+;+;+;+;+;+;+;+;+;+;+;+;+;+;+;+;+;+;+;+;+;+;+;+;+;+;+;+;+;+;+;+;+;+;+;+;+;+;+;+;+"	3938	1949	3976	31236	832	400	3270	1393	343	492
Solyc08g007790.3.1	"Super-Scaffold_210;Super-Scaffold_210;Super-Scaffold_210;Super-Scaffold_210;Super-Scaffold_210;Super-Scaffold_210;Super-Scaffold_210;Super-Scaffold_210;Super-Scaffold_210;Super-Scaffold_210;Super-Scaffold_210;Super-Scaffold_210;Super-Scaffold_210;Super-Scaffold_1000029;Super-Scaffold_1000029;Super-Scaffold_1000029;Super-Scaffold_1000029;Super-Scaffold_1000029;Super-Scaffold_1000029;Super-Scaffold_1000029;Super-Scaffold_1000029;Super-Scaffold_1000029;Super-Scaffold_1000029;Super-Scaffold_1000029;Super-Scaffold_1000029;Super-Scaffold_1000029;Super-Scaffold_1000029;Super-Scaffold_1000029;Super-Scaffold_1000029;Super-Scaffold_1000029;Super-Scaffold_1000029;Super-Scaffold_1000061;Super-Scaffold_1000061;Super-Scaffold_1000061;Super-Scaffold_1000061;Super-Scaffold_1000061;Super-Scaffold_1000061;Super-Scaffold_1000061;Super-Scaffold_1000061;Super-Scaffold_1000061;Super-Scaffold_1000061;Super-Scaffold_1000061;Super-Scaffold_1000061;Super-Scaffold_1000061;Super-Scaffold_1000061"	"835877;835891;836788;836957;837229;837566;838431;838630;838765;838932;839145;839378;839622;2436943;2437050;2437133;2437457;2437697;2437697;2438041;2438041;2438218;2438218;2438371;2438533;2438533;2438782;2439089;2439815;2440156;2441462;4688026;4688223;4688383;4688602;4695550;4695912;4696174;4696464;4696795;4696950;4697401;4697717;4698288;4698600"	"835884;835954;836886;837091;837365;837722;838504;838659;838822;839002;839269;839510;839825;2437049;2437131;2437350;2437605;2437840;2437840;2438126;2438128;2438275;2438273;2438446;2438604;2438606;2438940;2439236;2439947;2440264;2441572;4688125;4688350;4688419;4688633;4695721;4696000;4696297;4696499;4696863;4696974;4697562;4697827;4698420;4698708"	"+;+;+;+;+;+;+;+;+;+;+;+;+;+;+;+;+;+;+;+;+;+;+;+;+;+;+;+;+;+;+;+;+;+;+;+;+;+;+;+;+;+;+;+;+"	4278	2016	4003	32255	915	405	3304	1411	373	495
Solyc08g080170.3.1	"Super-Scaffold_210;Super-Scaffold_210;Super-Scaffold_210;Super-Scaffold_210;Super-Scaffold_210;Super-Scaffold_210;Super-Scaffold_210;Super-Scaffold_210;Super-Scaffold_210;Super-Scaffold_1000029;Super-Scaffold_1000029;Super-Scaffold_1000029;Super-Scaffold_1000029;Super-Scaffold_1000029;Super-Scaffold_1000029;Super-Scaffold_1000029;Super-Scaffold_1000029;Super-Scaffold_1000029;Super-Scaffold_1000029;Super-Scaffold_1000029;Super-Scaffold_1000029;Super-Scaffold_1000029;Super-Scaffold_1000061;Super-Scaffold_1000061;Super-Scaffold_1000061;Super-Scaffold_1000061;Super-Scaffold_1000061;Super-Scaffold_1000061;Super-Scaffold_1000061;Super-Scaffold_1000061;Super-Scaffold_1000061;Super-Scaffold_1000061;Super-Scaffold_1000061;Super-Scaffold_1000061;Super-Scaffold_1000061;Super-Scaffold_1000061;Super-Scaffold_1000061;Super-Scaffold_1000061"	"837229;837606;838431;838594;838765;838969;839162;839446;839622;2437259;2437498;2437708;2438038;2438105;2438111;2438371;2438371;2438533;2438782;2439119;2439815;2440156;4688015;4688226;4688383;4688602;4695531;4695881;4696185;4696463;4696795;4696950;4697401;4697687;4698288;4698600;4699233;4699564"	"837365;837722;838504;838659;838822;839003;839264;839509;839798;2437352;2437607;2437820;2438074;2438109;2438122;2438409;2438409;2438604;2438943;2439229;2439947;2440264;4688145;4688360;4688469;4688633;4695719;4696031;4696314;4696553;4696870;4697023;4697559;4697834;4698420;4698708;4699562;4699674"	"+;+;+;+;+;+;+;+;+;+;+;+;+;+;+;+;+;+;+;+;+;+;+;+;+;+;+;+;+;+;+;+;+;+;+;+;+;+"	3914	2352	4023	55661	779	434	4079	1556	292	500
Solyc08g066950.3.1	"Super-Scaffold_45567;Super-Scaffold_45567;Super-Scaffold_45567;Super-Scaffold_45567;Super-Scaffold_45567;Super-Scaffold_45567;Super-Scaffold_45567;Super-Scaffold_45567;Super-Scaffold_45567;Super-Scaffold_45567;Super-Scaffold_45567;Super-Scaffold_45567;Super-Scaffold_45567;Super-Scaffold_45567;299793_obj;299793_obj;299793_obj"	"2550069;2550300;2550400;2551088;2551693;2553456;2553461;2555568;2580003;2580003;2580541;2580848;2584008;2584207;12273;16653;18849"	"2550208;2550399;2550763;2551368;2551972;2553747;2553747;2555847;2580273;2580273;2580689;2581014;2584205;2584330;12543;16932;19140"	"+;+;+;+;+;+;+;+;+;+;+;+;+;+;+;+;+"	3489	277	179	597	218	62	258	563	280	249
Solyc02g082260.3.1	"Super-Scaffold_45573;Super-Scaffold_45573;Super-Scaffold_45573;Super-Scaffold_45573;Super-Scaffold_45573;Super-Scaffold_45573;Super-Scaffold_45573;Super-Scaffold_45573;Super-Scaffold_45573;Super-Scaffold_45573;Super-Scaffold_45573;Super-Scaffold_45573;Super-Scaffold_45573;Super-Scaffold_45573;Super-Scaffold_45573;Super-Scaffold_45573;Super-Scaffold_45573;Super-Scaffold_45573;Super-Scaffold_45573;Super-Scaffold_45573;Super-Scaffold_45573;Super-Scaffold_1000007;Super-Scaffold_1000016;Super-Scaffold_1000016;Super-Scaffold_1000016;Super-Scaffold_1000016;Super-Scaffold_1000016;Super-Scaffold_1000016;Super-Scaffold_1000016;Super-Scaffold_1000016;Super-Scaffold_1000016;Super-Scaffold_1000016;Super-Scaffold_1000016;Super-Scaffold_1000016;Super-Scaffold_1000016;Super-Scaffold_1000016;Super-Scaffold_1000016;Super-Scaffold_1000016;381959_obj;381959_obj;381959_obj;381959_obj;381959_obj;787_subseq_6533267:9908825_obj;787_subseq_6533267:9908825_obj;787_subseq_6533267:9908825_obj;787_subseq_6533267:9908825_obj;787_subseq_6533267:9908825_obj;380571_obj;380571_obj;380571_obj;380571_obj;380571_obj;380571_obj;380571_obj"	"9777477;9778039;9778090;9778199;9778314;9778839;9778874;9778936;9779296;26024623;26024710;26024754;26024889;26024947;26025062;26025731;26026173;26026712;26027744;26027815;26027867;17726290;9716751;9717174;9717501;9718343;9718743;9719409;9728286;9728427;9728605;9728850;9728850;9729172;9730030;9730030;9730428;9731093;4631;4652;4734;4763;4813;73932;74058;74117;74130;74167;111;170;231;244;303;334;429"	"9777827;9778082;9778148;9778209;9778740;9778867;9778889;9779151;9779311;26024671;26024752;26024885;26024928;26025014;26025310;26026078;26026355;26027742;26027786;26027861;26027953;17726389;9716923;9717409;9717533;9718488;9719080;9719590;9728303;9728599;9728610;9729085;9729085;9729211;9730212;9730212;9730765;9731296;4651;4713;4761;4811;4846;74039;74076;74123;74161;74195;169;183;243;296;332;382;489"	"+;+;+;+;+;+;+;+;+;+;+;+;+;+;+;+;+;+;+;+;+;+;+;+;+;+;+;+;+;+;+;+;+;+;+;+;+;+;+;+;+;+;+;+;+;+;+;+;+;+;+;+;+;+;+"	6563	6029	3123	35234	2423	2364	4093	9258	4710	4124
Solyc02g038740.4.1	"Super-Scaffold_45573;Super-Scaffold_45573;Super-Scaffold_45573;Super-Scaffold_45573;Super-Scaffold_45573;Super-Scaffold_45573;Super-Scaffold_45573;Super-Scaffold_45573;Super-Scaffold_45573;Super-Scaffold_45573;Super-Scaffold_45573;Super-Scaffold_45573;Super-Scaffold_1000016;Super-Scaffold_1000016;Super-Scaffold_1000016;Super-Scaffold_1000016;Super-Scaffold_1000016;Super-Scaffold_1000016;Super-Scaffold_1000016;Super-Scaffold_1000016;Super-Scaffold_1000016;Super-Scaffold_1000016;Super-Scaffold_1000016;Super-Scaffold_1000016;Super-Scaffold_1000016"	"9776555;9776687;9777482;9778027;9778292;9778869;26025257;26025733;26026185;26026811;26027312;26027392;9716709;9716869;9717111;9718343;9718731;9719430;9728385;9728545;9728787;9730030;9730030;9730416;9731114"	"9776685;9777118;9777825;9778209;9778868;9779225;26025311;26026080;26026355;26027187;26027327;26027607;9716809;9716959;9717523;9718525;9719078;9719617;9728485;9728635;9729199;9730212;9730210;9730763;9731301"	"+;+;+;+;+;+;+;+;+;+;+;+;+;+;+;+;+;+;+;+;+;+;+;+;+"	5855	6331	2905	39103	2608	2515	4203	10224	5022	4362
Solyc03g032020.4.1	"Super-Scaffold_45573;Super-Scaffold_45573;Super-Scaffold_45573;Super-Scaffold_45573;Super-Scaffold_45573;Super-Scaffold_45573;Super-Scaffold_45573;Super-Scaffold_45573;Super-Scaffold_1000016;Super-Scaffold_1000016;Super-Scaffold_1000016;Super-Scaffold_1000016;Super-Scaffold_1000016;Super-Scaffold_1000016;Super-Scaffold_1000016"	"9777478;9778340;9778850;9778937;26025730;26026173;26026808;26027429;9716541;9718343;9718733;9728220;9730030;9730030;9730418"	"9777827;9778752;9778868;9779051;26026068;26026355;26027149;26027607;9717571;9718525;9719245;9729247;9730212;9730212;9730922"	"+;+;+;+;+;+;+;+;+;+;+;+;+;+;+"	5383	5832	2715	34613	2142	2096	3743	8933	4195	3859
Solyc01g098840.3.1	"Super-Scaffold_136553;Super-Scaffold_136553;Super-Scaffold_136553;Super-Scaffold_136553;Super-Scaffold_136553;Super-Scaffold_136553;Super-Scaffold_136553;Super-Scaffold_136553;Super-Scaffold_136553;Super-Scaffold_136553;Super-Scaffold_136553"	"14027116;14028041;14028371;14030424;14031854;14031989;14032050;14032111;14032149;14032192;14032228"	"14027247;14028278;14028625;14030838;14031979;14032011;14032097;14032216;14032170;14032227;14032361"	"+;+;+;+;+;+;+;+;+;+;+"	1488	1208	899	3940	882	121	645	833	632	1112
Solyc01g102820.4.1	"Super-Scaffold_136553;Super-Scaffold_136553;Super-Scaffold_136553;Super-Scaffold_136553;Super-Scaffold_136553;Super-Scaffold_136553;Super-Scaffold_136553;Super-Scaffold_136553;Super-Scaffold_136553;Super-Scaffold_136553;Super-Scaffold_136553;Super-Scaffold_136553;Super-Scaffold_1000106"	"16480157;16480297;16480554;16481504;16481619;16482595;16482901;16483735;16483981;16484624;16484915;16485083;2499693"	"16480296;16480448;16480648;16481551;16481689;16482666;16482983;16483818;16484063;16484679;16484991;16485347;2499754"	"+;+;+;+;+;+;+;+;+;+;+;+;+"	1288	1140	1208	8287	211	103	217	97	51	601
Solyc01g009010.3.1	"Super-Scaffold_1000003;Super-Scaffold_1000003;Super-Scaffold_1000003;Super-Scaffold_1000003;Super-Scaffold_1000003;Super-Scaffold_1000003;Super-Scaffold_1000003;Super-Scaffold_1000003;Super-Scaffold_1000003;Super-Scaffold_1000003;Super-Scaffold_1000003;Super-Scaffold_1000003;Super-Scaffold_1000003;Super-Scaffold_1000003;Super-Scaffold_1000003;360650_obj"	"3708332;3708959;3709155;3709546;3709745;3709898;3709898;3710964;3711141;3711141;3712190;3712597;3712597;3713717;3713720;1586"	"3708592;3709049;3709218;3709647;3709802;3710100;3710100;3711054;3711240;3711240;3712289;3712682;3712679;3714065;3713827;1934"	"+;+;+;+;+;+;+;+;+;+;+;+;+;+;+;+"	1854	1645	2298	24174	1049	394	3036	1554	730	2122
Solyc04g015100.3.1	"Super-Scaffold_1000004;Super-Scaffold_1000004;Super-Scaffold_1000004;Super-Scaffold_1000004;Super-Scaffold_1000004;Super-Scaffold_1000004;Super-Scaffold_1000004;Super-Scaffold_1000004;Super-Scaffold_1000004;Super-Scaffold_1000004;Super-Scaffold_1000004;Super-Scaffold_1000004;Super-Scaffold_1000004;Super-Scaffold_1000004;Super-Scaffold_1000004;Super-Scaffold_1000004;Super-Scaffold_1000004;Super-Scaffold_1000004"	"5855712;5855914;5856863;5857225;5857385;5857989;5857991;5858299;5858299;5858473;5858477;5858660;5858662;5858859;5859298;5859303;5859770;5859983"	"5855812;5856087;5857004;5857306;5857448;5858076;5858074;5858401;5858401;5858588;5858588;5858702;5858702;5858948;5859385;5859379;5859958;5860006"	"+;+;+;+;+;+;+;+;+;+;+;+;+;+;+;+;+;+"	1304	2381	819	4642	1727	1098	494	808	719	1198
Solyc08g005680.4.1	"Super-Scaffold_1000007;Super-Scaffold_1000007;Super-Scaffold_1000029;Super-Scaffold_1000029;Super-Scaffold_1000029;Super-Scaffold_1000029;Super-Scaffold_1000029;Super-Scaffold_1000029;Super-Scaffold_1000029;Super-Scaffold_1000029;Super-Scaffold_1000029;322443_obj;322442_obj;341641_obj;377542_obj;377542_obj"	"1687032;1687221;536148;536416;555387;622751;624077;624703;624933;624942;625175;1113;195;1;108;524"	"1687211;1687409;536415;536438;555805;623191;624094;624908;624941;625010;625241;1177;259;57;433;646"	"+;+;+;+;+;+;+;+;+;+;+;+;+;+;+;+"	2525	15307	6288	282704	5674	2625	7009	15878	4784	18231
Solyc03g025560.4.1	Super-Scaffold_1000016	11363748	11364276	+	529	214	135	789	46	19	70	210	5	71
Solyc06g066310.3.1	"Super-Scaffold_1000024;Super-Scaffold_1000024;Super-Scaffold_1000024;Super-Scaffold_1000024;Super-Scaffold_1000024;Super-Scaffold_1000024;Super-Scaffold_1000024;Super-Scaffold_1000024;Super-Scaffold_1000024;Super-Scaffold_1000024;Super-Scaffold_1000024;Super-Scaffold_1000024;Super-Scaffold_1000061;Super-Scaffold_1000061;Super-Scaffold_1000061;Super-Scaffold_1000061;Super-Scaffold_1000061;Super-Scaffold_1000061;Super-Scaffold_1000061;Super-Scaffold_1000061;Super-Scaffold_1000061;Super-Scaffold_1000061;Super-Scaffold_1000061;368926_obj;381963_obj;381963_obj;332139_obj;356964_obj;356964_obj"	"8346311;8346353;8347393;8347542;8347850;8348110;8348341;8349001;8351357;8352097;8353362;8353595;1143445;1143736;1144227;1144464;1145529;1145734;1145753;1145753;1148029;1148711;1148865;1657;2718;2786;5284;552;967"	"8346336;8346487;8347455;8347693;8347946;8348221;8348389;8349389;8351461;8352324;8353484;8354063;1143595;1143801;1144311;1144518;1145716;1145742;1145884;1145844;1148127;1148838;1148928;1756;2755;3165;5384;786;986"	"+;+;+;+;+;+;+;+;+;+;+;+;+;+;+;+;+;+;+;+;+;+;+;+;+;+;+;+;+"	3799	1401	248	10608	917	426	283	973	657	1488
Solyc06g076920.3.1	"Super-Scaffold_1000024;Super-Scaffold_1000024;Super-Scaffold_1000024"	"1835430;1837296;1837488"	"1835864;1837370;1837930"	"+;+;+"	953	14	0	54	0	0	4	2	34	28
Solyc08g076140.3.1	"Super-Scaffold_1000024;Super-Scaffold_1000024;Super-Scaffold_1000024;Super-Scaffold_1000024;Super-Scaffold_1000024;Super-Scaffold_1000024;Super-Scaffold_1000024;Super-Scaffold_1000024;Super-Scaffold_1000024;Super-Scaffold_1000024;Super-Scaffold_1000024;Super-Scaffold_1000024;Super-Scaffold_1000061;Super-Scaffold_1000061;Super-Scaffold_1000061;Super-Scaffold_1000061;Super-Scaffold_1000061;Super-Scaffold_1000061;Super-Scaffold_1000061;Super-Scaffold_1000061;Super-Scaffold_1000061;381963_obj;356964_obj;356964_obj"	"8347544;8348108;8348338;8349018;8349075;8349228;8351359;8352097;8352234;8353368;8353368;8353639;1142352;1143273;1143444;1143735;1144229;1144468;1145509;1148027;1148711;3065;513;1429"	"8347693;8348215;8348391;8349074;8349208;8349376;8351457;8352222;8352308;8353384;8353384;8353848;1142447;1143335;1143595;1143831;1144340;1144516;1145897;1148131;1148938;3105;1244;1854"	"+;+;+;+;+;+;+;+;+;+;+;+;+;+;+;+;+;+;+;+;+;+;+;+"	3669	1512	443	9586	909	428	318	1143	735	1422
Solyc04g056390.3.1	"Super-Scaffold_1000028;Super-Scaffold_1000028;Super-Scaffold_1000028;Super-Scaffold_1000028;Super-Scaffold_1000028;Super-Scaffold_1000028;Super-Scaffold_1000028;Super-Scaffold_1000028;Super-Scaffold_1000028;407_obj;407_obj;407_obj;407_obj;407_obj;407_obj;407_obj;407_obj"	"5672143;5672203;5672327;5672944;5673156;5673646;5674793;5675612;5675663;616348;617311;617686;618045;618347;618578;619054;619093"	"5672152;5672313;5672763;5673080;5673259;5673735;5674848;5675662;5675927;616406;617320;617712;618124;618452;618705;619070;619260"	"+;+;+;+;+;+;+;+;+;+;+;+;+;+;+;+;+"	1856	18066	10481	152468	7347	5127	4690	12735	6027	16699
Solyc05g055760.3.1	"Super-Scaffold_1000028;Super-Scaffold_1000028;Super-Scaffold_1000028;407_obj;407_obj;407_obj;407_obj;407_obj;407_obj;407_obj"	"5672512;5672952;5673155;616198;616257;617657;618047;618349;618578;619007"	"5672722;5673079;5673262;616253;616412;617714;618136;618453;618713;619448"	"+;+;+;+;+;+;+;+;+;+"	1490	11277	5653	89448	5436	3802	3604	9759	4670	12812
Solyc04g079960.1.1	Super-Scaffold_1000034	2432008	2433098	+	1091	561	14	893	111	173	300	450	209	385
Solyc08g075390.4.1	"Super-Scaffold_1000061;Super-Scaffold_1000061;Super-Scaffold_1000061;Super-Scaffold_1000061;Super-Scaffold_1000061;Super-Scaffold_1000061;Super-Scaffold_1000061;Super-Scaffold_1000061;Super-Scaffold_1000061;Super-Scaffold_1000061;Super-Scaffold_1000061;Super-Scaffold_1000061;Super-Scaffold_1000061;Super-Scaffold_1000061;Super-Scaffold_1000061;Super-Scaffold_1000061;Super-Scaffold_1000061;Super-Scaffold_1000061;Super-Scaffold_1000061;Super-Scaffold_1000061;Super-Scaffold_1000061"	"448194;448322;448614;450714;450721;450938;450938;451124;453997;454257;454257;454538;454538;456276;456453;457601;458449;458605;463339;467309;468542"	"448318;448599;448774;450860;450860;451031;451029;451218;454080;454424;454424;454647;454647;456368;456531;457666;458533;458843;463477;467386;468724"	"+;+;+;+;+;+;+;+;+;+;+;+;+;+;+;+;+;+;+;+;+"	2224	964	153	2359	4	564	579	957	565	486
Solyc08g081570.3.1	"Super-Scaffold_1000152;Super-Scaffold_1000152;Super-Scaffold_1000152;Super-Scaffold_1000152;Super-Scaffold_1000152;Super-Scaffold_1000152"	"1322516;1324439;1326799;1327042;1327136;1327235"	"1322966;1324567;1327041;1327130;1327229;1327307"	"+;+;+;+;+;+"	1079	2866	490	19078	1142	548	616	1650	30	146
Solyc01g109300.3.1	"373313_obj;373313_obj;373313_obj;373313_obj;373313_obj;373313_obj;373313_obj;373313_obj;373313_obj;373313_obj;373313_obj;373313_obj;373313_obj;373313_obj;373313_obj;373313_obj;373313_obj;373313_obj;373313_obj"	"3178;3288;3318;3825;3825;4797;4799;5066;5284;5287;5446;5448;5642;6930;6931;7200;7458;7458;7587"	"3254;3317;3636;4021;4021;4983;4983;5193;5360;5360;5554;5554;5736;7115;7115;7288;7584;7584;7953"	"+;+;+;+;+;+;+;+;+;+;+;+;+;+;+;+;+;+;+"	1988	83267	49543	442680	36444	15329	15615	38548	25511	91165